key,cls,truth_retrieved,truth_generated,truth_in_tail,rank_ret,rank_gen,rr_ret,rr_gen,n_mass,n_gen
PAHGJZDQXIOYTH,2,1,0,0,14,14,0.071429,0.071429,31,0
UYNVMODNBIQBMV,3,0,0,0,0,0,0.0,0.0,40,0
BAZGVDKAIHZPOH,2,1,0,0,1,1,1.0,1.0,56,0
GSPFUBNBRPVALJ,3,0,0,0,0,0,0.0,0.0,133,2
SIWOWUAUIFWBDY,1,1,0,0,1,1,1.0,1.0,6,0
YOHOWLRHMIRGCZ,3,0,0,0,0,0,0.0,0.0,3,0
IWXJKHSPEQSQMD,3,0,0,0,0,0,0.0,0.0,0,0
AUAXNNILRNCQAX,2,1,0,0,18,18,0.055556,0.055556,167,0
JXKBKZWTQVGIAK,3,0,0,0,0,0,0.0,0.0,42,0
JWINIHBXRZXFKL,3,0,0,0,0,0,0.0,0.0,10,0
BCZUAADEACICHN,3,0,0,0,0,0,0.0,0.0,18,10
LWUJNFXMOSWRGO,2,0,0,0,0,0,0.0,0.0,9,0
BOJKULTULYSRAS,2,1,0,0,33,33,0.0,0.0,361,0
FWBHETKCLVMNFS,3,0,0,0,0,0,0.0,0.0,41,0
KNQNJCODLDRFSM,2,0,0,0,0,0,0.0,0.0,0,0
IPBVNPXQWQGGJP,2,0,0,0,0,0,0.0,0.0,0,0
GPARBZTZAHGRDH,3,0,0,0,0,0,0.0,0.0,15,0
CYIDZMCFTVVTJO,3,0,1,0,0,1,0.0,1.0,5,3
FCCNKYGSMOSYPV,3,0,0,0,0,0,0.0,0.0,10,0
XOJDXSDPICSSTA,3,0,1,0,0,62,0.0,0.0,159,13
MNVGUNLOWKLLFC,1,1,0,0,2,2,0.5,0.5,15,0
BJNRRZFZTVYOOW,2,1,0,0,6,6,0.166667,0.166667,47,0
OLBCVFGFOZPWHH,1,1,0,0,1,1,1.0,1.0,43,0
VLUYADZBWJUSNX,2,1,0,0,1,1,1.0,1.0,23,0
RXWNCPJZOCPEPQ,1,1,0,0,2,2,0.5,0.5,40,0
ZJBMQVPEJHVSQA,2,1,0,0,1,1,1.0,1.0,7,0
IERFAZQCIAZODG,1,1,0,0,1,1,1.0,1.0,340,0
UDXANBFMQUOKTQ,2,1,0,0,4,4,0.25,0.25,194,0
IZFGRAGOVZCUFB,2,1,0,0,32,32,0.0,0.0,57,0
GWDFJIBHVSYXQL,3,0,0,0,0,0,0.0,0.0,193,0
JEOAJYYDZYNEAH,2,0,0,0,0,0,0.0,0.0,21,0
NVJLIMSDAPOFHF,3,0,0,0,0,0,0.0,0.0,2,0
XIGAUIHYSDTJHW,2,1,0,0,1,1,1.0,1.0,10,0
KYERVKWKQQBRQB,3,0,0,0,0,0,0.0,0.0,26,5
XNRGJMFNTYWHNR,2,1,0,0,1,1,1.0,1.0,5,0
PTIDGSWTMLSGAH,2,1,0,0,81,81,0.0,0.0,94,0
TZDVTFYLQHHLND,2,1,0,0,1,1,1.0,1.0,12,4
DQOWHTFHFLRPDX,2,1,0,0,20,20,0.05,0.05,33,0
HPBJJSKSRVQRQK,3,0,0,0,0,0,0.0,0.0,51,0
NXJYJHDDQUZYBZ,2,1,0,0,1,1,1.0,1.0,11,0
JSLDLCGKZDUQSH,3,0,0,0,0,0,0.0,0.0,86,0
QMGGMESMCJCABO,3,0,0,0,0,0,0.0,0.0,42,0
ORJDDOBAOGKRJV,2,1,0,0,7,7,0.142857,0.142857,160,9
OAUREGNZECGNQS,3,0,0,0,0,0,0.0,0.0,22,0
XREZOMRRMAKCRX,3,0,0,0,0,0,0.0,0.0,1,0
HZDFZQGZGNKKNH,2,1,0,0,141,141,0.0,0.0,155,0
BKWJAKQVGHWELA,3,0,0,0,0,0,0.0,0.0,10,0
RLZIADDATOMNNY,2,1,1,0,1,6,1.0,0.166667,26,9
DORPKYRPJIIARM,1,1,1,0,1,1,1.0,1.0,31,6
QKVNMVAISCKGFO,3,0,0,0,0,0,0.0,0.0,161,0
NPNNKDMSXVRADT,1,1,0,0,1,1,1.0,1.0,131,0
AHANXAKGNAKFSK,2,1,0,0,9,9,0.111111,0.111111,344,0
DEZCXDHAJMKBQF,2,1,0,0,2,2,0.5,0.5,28,0
ANODJSBBJYGIOF,2,1,0,0,1,1,1.0,1.0,21,0
HITLMPHPGUZLGI,3,0,0,0,0,0,0.0,0.0,523,0
UTMFIKFVXBHDRL,3,0,0,0,0,0,0.0,0.0,4,0
KQMOCRHUOQQSTB,3,0,1,0,0,75,0.0,0.0,227,11
RJIWZDNTCBHXAL,3,0,0,0,0,0,0.0,0.0,7,0
SDGDWRYYHQOQOJ,3,0,0,0,0,0,0.0,0.0,56,0
XFKGEQRMYJCXFK,3,0,0,0,0,0,0.0,0.0,316,0
QGNRETMYLHRUBB,2,1,0,0,1,1,1.0,1.0,2,0
XEQQGHISHUGMIP,2,1,0,0,4,4,0.25,0.25,15,0
YFDKIHAZVQFLRC,3,0,0,0,0,0,0.0,0.0,281,0
PTTJLTMUKRRHAT,2,1,0,0,5,5,0.2,0.2,19,0
NYTZRFVFIRTFIX,2,1,0,0,7,7,0.142857,0.142857,50,3
NZASCBIBXNPDMH,3,0,0,0,0,0,0.0,0.0,31,1
NWTGGTMLVAWUHF,3,0,1,0,0,1,0.0,1.0,8,4
LOSIPCYWORXTAW,2,1,0,0,9,9,0.111111,0.111111,9,0
BDCDNTVZSILEOY,1,1,0,0,1,1,1.0,1.0,40,0
UDMLVGSGFGXFEF,2,1,0,0,2,2,0.5,0.5,8,0
HRRYYCWYCMJNGA,3,0,0,0,0,0,0.0,0.0,20,0
BPYKTIZUTYGOLE,3,0,0,0,0,0,0.0,0.0,56,0
SBNYIBUYPAIQOI,2,0,0,0,0,0,0.0,0.0,0,0
SYKWLIJQEHRDNH,2,1,0,0,2,2,0.5,0.5,3,0
MIROITGPMGDCGI,2,1,0,0,27,27,0.0,0.0,37,0
RHDRMOUSDQDVCE,2,1,0,0,1,1,1.0,1.0,31,0
GIIZNNXWQWCKIB,1,1,0,0,1,1,1.0,1.0,21,0
HFGSQOYIOKBQOW,3,0,0,0,0,0,0.0,0.0,332,0
AFTBPUXZTDLRSP,2,1,0,0,4,4,0.25,0.25,66,0
SJVQHLPISAIATJ,2,1,0,0,1,1,1.0,1.0,110,0
AEWHYWSPVRZHCT,3,0,0,0,0,0,0.0,0.0,19,0
FTAGQROYQYQRHF,1,1,1,0,1,1,1.0,1.0,647,15
BIGUPJIJZYZJMV,2,1,0,0,43,43,0.0,0.0,96,0
STYCQQCWPHBTIH,3,0,0,0,0,0,0.0,0.0,307,34
ABJOCPBDVGJFLG,3,0,0,0,0,0,0.0,0.0,65,5
VULLSLYDWNGNKZ,3,0,0,0,0,0,0.0,0.0,108,6
GPWHCUUIQMGELX,2,1,0,0,1,1,1.0,1.0,11,0
YCWSUKQGVSGXJO,2,1,0,0,1,1,1.0,1.0,4,0
UYULJYQCIXAZIN,1,1,0,0,1,1,1.0,1.0,1,0
MOBUVCKLGDJANF,2,1,0,0,3,3,0.333333,0.333333,6,0
WTKZYPVTAXZSEM,3,0,0,0,0,0,0.0,0.0,33,0
VOBCHHSFSHYHIA,2,1,0,0,1,1,1.0,1.0,4,0
OFQKTZRDRXZBON,1,1,0,1,1,1,1.0,1.0,62,0
FPVGOYVYIRGMQO,2,1,0,0,3,3,0.333333,0.333333,13,0
ARHMXGGUMSXGFS,1,1,0,0,1,1,1.0,1.0,85,0
WOPYGCANEAIOEM,2,1,0,0,2,2,0.5,0.5,36,0
OJYLAHXKWMRDGS,1,1,0,0,1,1,1.0,1.0,149,0
BQHHNAPTXQOPBW,2,1,0,0,4,33,0.25,0.0,102,29
BHSDLJXQKBYFNH,2,1,0,0,1,1,1.0,1.0,144,0
GWTQDEWQHCDBEI,2,1,0,0,2,2,0.5,0.5,43,0
XGCUCFKWVIWWNW,2,1,1,0,1,5,1.0,0.2,37,35
OONDLKCAZJZRCW,3,0,0,0,0,0,0.0,0.0,109,0
RAWKXKPJGBUIEG,2,0,0,0,0,0,0.0,0.0,0,0
RTNZWGMBYCVCPK,2,0,0,0,0,0,0.0,0.0,10,0
ZOJAINJCZSVZGW,2,1,0,0,33,33,0.0,0.0,35,0
KQDRVXQXKZXMHP,2,1,0,0,1,1,1.0,1.0,2,0
OMPFZUXZCIVLSI,1,1,0,0,1,1,1.0,1.0,32,14
OWBQCPZBRPKYKE,3,0,0,0,0,0,0.0,0.0,55,0
SRBHCRWAHUOXQL,3,0,0,0,0,0,0.0,0.0,11,0
BITHHVVYSMSWAG,2,1,0,0,6,6,0.166667,0.166667,52,0
QQBFAVBJOBJSKG,3,0,0,0,0,0,0.0,0.0,34,0
IHPMURIXWRKEKD,3,0,0,0,0,0,0.0,0.0,86,0
FYDVPEVHFUBOJG,1,1,0,0,1,1,1.0,1.0,178,0
UGJMXCAKCUNAIE,2,1,0,0,2,2,0.5,0.5,13,0
BYHVZDRLSCCTND,2,1,0,0,2,2,0.5,0.5,254,0
ANDGGVOPIJEHOF,2,1,0,0,1,1,1.0,1.0,10,0
KKADPXVIOXHVKN,3,0,0,0,0,0,0.0,0.0,68,1
QDDILOVMGWUNGD,3,0,0,0,0,0,0.0,0.0,216,0
JPKVDETWOQEHQO,2,1,0,0,1,1,1.0,1.0,76,2
DXJGGEVMIZJZLN,2,1,0,0,1,1,1.0,1.0,2,0
WRHWVCAYGJOCSG,2,1,0,0,2,2,0.5,0.5,145,0
KJPAOKCLRDGPMI,3,0,0,0,0,0,0.0,0.0,5,0
DNVLJEWNNDHELH,3,0,0,0,0,0,0.0,0.0,0,0
FJKRCBVJIUJMSB,1,1,0,0,1,1,1.0,1.0,26,0
NVEPPWDVLBMNMB,2,1,0,0,2,2,0.5,0.5,7,0
YTKUWDBFDASYHO,3,0,0,0,0,0,0.0,0.0,20,0
PTVXQARCLQPGIR,1,1,0,0,1,1,1.0,1.0,40,4
GTTYINPAUAIFMI,3,0,0,0,0,0,0.0,0.0,304,0
MHJKBJNQJSWYKS,2,1,0,0,124,135,0.0,0.0,227,30
GCKMFJBGXUYNAG,2,1,0,0,2,2,0.5,0.5,469,1
OGNQOWNBNTWYJN,2,1,0,0,1,1,1.0,1.0,19,2
IQZWKGWOBPJWMX,2,1,0,0,4,4,0.25,0.25,18,4
BNQSTAOJRULKNX,2,1,0,0,1,1,1.0,1.0,11,0
FNVCLGWRMXTDSM,3,0,0,0,0,0,0.0,0.0,135,2
JETQIUPBHQNHNZ,3,0,0,0,0,0,0.0,0.0,11,0
UJSHBYQGQRPVNO,2,1,0,0,84,84,0.0,0.0,142,0
RTZKSTLPRTWFEV,2,1,0,0,1,1,1.0,1.0,103,4
OUDSBRTVNLOZBN,2,1,0,0,1,1,1.0,1.0,42,0
NHAQNKDEUQPSIX,3,0,0,0,0,0,0.0,0.0,105,24
BJTZZEBZJSIVGA,3,0,0,0,0,0,0.0,0.0,25,0
QLSUUELDMMCCEI,3,0,0,0,0,0,0.0,0.0,68,2
YRRKLBAKDXSTNC,3,0,0,0,0,0,0.0,0.0,25,0
LJGOHKSMJNTMAH,2,1,0,0,3,3,0.333333,0.333333,10,0
ZCCLDKGWJIREQF,1,1,0,0,2,2,0.5,0.5,64,1
VOEVEGPMRIYYKC,1,1,0,0,1,1,1.0,1.0,1,0
MKMZAENVDZADSW,1,1,1,0,1,1,1.0,1.0,7,4
OSDYZSDCSJYUFO,3,0,0,0,0,0,0.0,0.0,31,0
DGBNCMKQNOJCFB,3,0,0,0,0,0,0.0,0.0,4,0
QTEHGUUSIIWOOW,2,1,0,0,3,3,0.333333,0.333333,9,0
IZCOBQSZMYGEDP,2,1,0,0,3,3,0.333333,0.333333,151,0
LZMOSYUFVYJEPY,2,1,0,0,1,1,1.0,1.0,120,0
XZFUGMCJZFRBKF,1,1,0,0,1,1,1.0,1.0,2,0
BMQZUVJDTYLGMN,3,0,0,0,0,0,0.0,0.0,6,0
YVPUUUDAZYFFQT,3,0,0,0,0,0,0.0,0.0,11,0
JTJJJLSLKZFEPJ,2,1,1,0,1,1,1.0,1.0,38,4
HUKWUYRJEKGMFU,3,0,0,0,0,0,0.0,0.0,23,0
QRDNJYNIEGRRKV,3,0,0,0,0,0,0.0,0.0,86,0
UBQNRHZMVUUOMG,1,1,0,0,1,1,1.0,1.0,6,0
ZVNXMCBLBISSKP,3,0,0,0,0,0,0.0,0.0,12,0
HETZRHDDRHBPKX,2,1,0,0,4,4,0.25,0.25,221,1
KOTBWDXNYNTNIY,2,1,0,0,2,2,0.5,0.5,34,0
YJUGKYOFRZOMIJ,2,1,0,0,1,1,1.0,1.0,2,0
YGBZFOQXPOGACY,3,0,0,0,0,0,0.0,0.0,469,0
YEXVXKIMPBHRQR,3,0,1,0,0,24,0.0,0.041667,43,17
RFILOXFULBNPOU,2,1,0,0,1,1,1.0,1.0,38,2
FCJIWTZAADYCGI,3,0,0,0,0,0,0.0,0.0,14,0
PBYPZVMETKFGQR,1,1,0,0,1,1,1.0,1.0,2,0
SPSSULHKWOKEEL,3,0,0,0,0,0,0.0,0.0,0,0
JZUFKLXOESDKRF,2,1,0,0,1,1,1.0,1.0,4,0
RCMABBHQYMBYKV,2,1,0,0,22,34,0.045455,0.0,66,13
CAHQQYHQUHYOGU,1,1,0,0,1,1,1.0,1.0,313,0
AGRZUANLVXMRCO,2,1,0,0,1,1,1.0,1.0,19,0
NLLJGJGLOHFJMI,1,1,0,0,1,1,1.0,1.0,78,3
MVTLXFDHKDVAIC,1,1,0,0,1,1,1.0,1.0,50,0
GCXASLJTVIGYQE,2,1,0,0,2,2,0.5,0.5,2,0
FEZDDTIDMGTSLT,3,0,0,0,0,0,0.0,0.0,53,0
QYTBBBAHNIWFOD,1,1,0,0,1,1,1.0,1.0,20,0
MNLGBRDSLUAKRO,2,0,0,0,0,0,0.0,0.0,150,0
RWEVZSYWIIZZFV,2,1,0,0,5,5,0.2,0.2,91,0
LJGMGXXCKVFFIS,3,0,0,0,0,0,0.0,0.0,83,0
QZYSUBAQYSVFNX,1,1,0,0,6,6,0.166667,0.166667,21,0
HXKQKEQCNBMZJW,2,1,0,0,1,1,1.0,1.0,14,0
CMHHMUWAYWTMGS,2,1,0,0,1,1,1.0,1.0,24,2
RDNRIBOBEOTFJG,2,1,0,0,1,1,1.0,1.0,62,0
GAZDXIGXYWVWQX,2,1,0,0,5,5,0.2,0.2,17,0
UBAJTZKNDCEGKL,2,1,0,0,1,1,1.0,1.0,20,0
PAJMKGZZBBTTOY,2,1,0,0,153,154,0.0,0.0,282,1
SSRDSYXGYPJKRR,3,0,0,0,0,0,0.0,0.0,5,0
ITWCBKGNWXDVFP,3,0,0,0,0,0,0.0,0.0,48,0
SRGRIOXSONGZCM,2,1,0,0,2,2,0.5,0.5,70,0
LTFMZDNNPPEQNG,2,1,1,0,1,1,1.0,1.0,27,2
DMDBJWPXOHROAS,2,1,0,0,6,6,0.166667,0.166667,16,0
NKFZLEYLWAFYEH,3,0,0,0,0,0,0.0,0.0,52,0
HGCSWGCNGLSJDQ,3,0,0,0,0,0,0.0,0.0,41,0
NGSWKAQJJWESNS,2,1,0,0,4,4,0.25,0.25,43,0
AXCLECQLCBWNLZ,3,0,0,0,0,0,0.0,0.0,8,0
WIKNHJPJHDNAME,1,1,0,0,1,1,1.0,1.0,48,0
RIHQHYIWKHVLRH,1,1,0,0,1,1,1.0,1.0,41,0
MFYSUUPKMDJYPF,1,1,0,0,1,1,1.0,1.0,44,0
YXBHWZYFNLJVNP,3,0,0,0,0,0,0.0,0.0,214,0
BSXFDHHTXOAUGB,2,1,0,0,91,91,0.0,0.0,263,1
UTOPWMOLSKOLTQ,1,1,0,0,1,1,1.0,1.0,19,0
RPAVTHDZANYLNL,3,0,0,0,0,0,0.0,0.0,35,2
JPRAADAALYQLIE,3,0,0,0,0,0,0.0,0.0,51,0
YOVVNQKCSKSHKT,3,0,0,0,0,0,0.0,0.0,24,0
JAAFNWYGLROOGI,2,1,0,0,32,32,0.0,0.0,51,0
RIRGCFBBHQEQQH,2,1,0,0,1,1,1.0,1.0,54,0
FZAVQTYIBVEBHF,2,1,0,0,1,1,1.0,1.0,9,0
OBMNJSNZOWALQB,2,1,0,0,1,1,1.0,1.0,10,0
DAXZWJMEKUNRCD,2,1,0,0,10,10,0.1,0.1,25,0
NCXYJHRCPJFINE,1,1,0,0,1,1,1.0,1.0,43,0
DLRVVLDZNNYCBX,2,1,0,0,5,5,0.2,0.2,73,1
SHIZRFSRTKXRQL,1,1,0,0,15,15,0.066667,0.066667,39,3
XWMNRKXRGYSMGY,2,1,0,0,1,1,1.0,1.0,8,0
QNZCBYKSOIHPEH,3,0,0,0,0,0,0.0,0.0,56,2
XQUDPNNCEUPWIL,2,1,0,0,1,1,1.0,1.0,24,0
PXMJCECEFTYEKE,2,1,0,0,1,1,1.0,1.0,91,0
ZXONBNBMIDUHPG,2,1,0,0,7,7,0.142857,0.142857,15,0
UXUFMIJZNYXWDX,1,1,0,0,1,1,1.0,1.0,243,0
OCLJUQSRRLIINU,2,1,0,0,1,1,1.0,1.0,43,0
PRGILOMAMBLWNG,2,1,1,0,4,3,0.25,0.333333,110,4
DIBVDMNGVYXRJK,2,1,0,0,1,1,1.0,1.0,38,0
FXFRDTNUZHPKAI,3,0,0,0,0,0,0.0,0.0,133,0
VPAOSFFTKWUGAD,1,1,1,0,1,1,1.0,1.0,29,1
JNAHVYVRKWKWKQ,3,0,0,0,0,0,0.0,0.0,41,0
NTHPAPBPFQJABD,1,1,0,0,1,1,1.0,1.0,14,0
SCYCMFQAMTUOEU,2,1,0,0,1,1,1.0,1.0,3,7
RXRSNDCGNOOFLH,3,0,0,0,0,0,0.0,0.0,30,7
OEXHQOGQTVQTAT,3,0,0,0,0,0,0.0,0.0,30,0
HXXFSFRBOHSIMQ,3,0,0,0,0,0,0.0,0.0,39,0
VUEOHJNEHXJLDD,1,1,0,0,1,1,1.0,1.0,44,0
URYYGMVXBWUJFP,3,0,0,0,0,0,0.0,0.0,26,6
PATJZXBBUQEFOY,2,1,0,0,1,1,1.0,1.0,46,0
IIGQXTIUKKRHCT,3,0,0,0,0,0,0.0,0.0,0,0
LSNWBKACGXCGAJ,1,1,0,0,1,1,1.0,1.0,7,0
WSMQBJMPWPNLTJ,2,1,0,0,2,2,0.5,0.5,6,0
JNRNIJXHDHXSIY,3,0,0,0,0,0,0.0,0.0,0,0
CZLWGXKWXLVFJU,2,1,0,0,3,3,0.333333,0.333333,75,0
XDJCLCLBSGGNKS,3,0,0,0,0,0,0.0,0.0,43,0
QYGUYHZAAVMQBV,2,1,0,0,3,3,0.333333,0.333333,31,0
ARBHXJXXVVHMET,2,1,0,0,1,1,1.0,1.0,2,0
SIOXYUXOHTZOOM,3,0,0,0,0,0,0.0,0.0,82,3
KSGXQBZTULBEEQ,2,1,1,0,1,1,1.0,1.0,4,3
SWYCMJAKZYLTJN,2,1,0,0,48,54,0.0,0.0,107,10
ZADWXFSZEAPBJS,3,0,0,0,0,0,0.0,0.0,48,0
CBFCUSQKTDQXKC,2,1,0,0,1,1,1.0,1.0,48,0
URAYMAONOUOAOQ,3,0,0,0,0,0,0.0,0.0,4,2
XTKVNQKOTKPCKM,2,1,1,0,2,2,0.5,0.5,54,2
JIEVJXRUYDZFTD,1,0,0,1,52,52,0.0,0.0,51,0
BNSKYFUGMLMCLM,3,0,0,0,0,0,0.0,0.0,109,0
CUAPOUHDJKWLOB,1,1,0,1,1,1,1.0,1.0,63,0
DCFDRCCHOOORSB,2,1,0,0,218,222,0.0,0.0,540,4
VDNBKSIMLSGEHD,2,1,0,0,4,4,0.25,0.25,59,0
OOBHFESNSZDWIU,3,0,0,0,0,0,0.0,0.0,38,0
BVIXPBFQDINHQZ,3,0,1,0,0,4,0.0,0.25,23,15
OOEOVXMORBPOKC,3,0,0,0,0,0,0.0,0.0,9,0
YCXRBCHEOFVYEN,3,0,0,0,0,0,0.0,0.0,26,0
OLCVEOSSVCAFGR,1,1,1,0,1,1,1.0,1.0,185,6
URGMNEBQCDTMGX,2,1,0,0,1,1,1.0,1.0,96,0
FNFQCEGHMNKYIA,3,0,0,0,0,0,0.0,0.0,40,0
LBZMXGLPRHGPRE,3,0,0,0,0,0,0.0,0.0,182,0
QMNWISYXSJWHRY,3,0,0,0,0,0,0.0,0.0,29,0
MDHYEMXUFSJLGV,3,0,0,0,0,0,0.0,0.0,137,0
PKEGICXVZMKJPR,2,1,0,0,4,4,0.25,0.25,162,0
LGSDYQBPJKYJCT,3,0,0,0,0,0,0.0,0.0,91,5
MKGZDUKUQPPHFM,3,0,0,0,0,0,0.0,0.0,76,0
JSUQFTGQEWFVFA,3,0,0,0,0,0,0.0,0.0,10,0
DHERRFSDLNUGOK,3,0,0,0,0,0,0.0,0.0,0,0
FFSSWMQPCJRCRV,2,1,0,0,1,1,1.0,1.0,1,0
XJHDMGJURBVLLE,1,1,0,0,1,1,1.0,1.0,430,0
FENDTMDXZKLLQD,2,1,0,0,1,5,1.0,0.2,18,13
KAJXOWFGKYKMMZ,2,1,0,0,3,4,0.333333,0.25,4,1
MHASSCPGKAMILD,3,0,0,0,0,0,0.0,0.0,40,0
ZVXYGPURDSESHS,1,1,0,0,1,1,1.0,1.0,18,0
KIJZQEXKCZHTNA,3,0,0,0,0,0,0.0,0.0,37,0
KZTNBUSIRSVZGK,2,1,0,0,1,1,1.0,1.0,52,0
LLEMSCWAKNQHHA,2,1,0,0,9,9,0.111111,0.111111,23,0
VJYFKVYYMZPMAB,2,1,0,0,1,1,1.0,1.0,73,0
WNANPKYNOALKIV,3,0,1,0,0,1,0.0,1.0,119,3
YIGARKIIFOHVPF,2,1,1,0,2,2,0.5,0.5,8,7
KQBFNIVRWYGXRN,2,1,0,0,3,4,0.333333,0.25,32,2
FWVHWDSCPKXMDB,3,0,0,0,0,0,0.0,0.0,50,0
CBTFERBMQQAROP,2,1,1,0,9,10,0.111111,0.1,34,6
QZGXXZPRJHSVTD,1,1,0,0,1,1,1.0,1.0,119,0
PDGHHNMEFVJAAM,3,0,0,0,0,0,0.0,0.0,0,0
GKMKEUWZFLWKKU,3,0,0,0,0,0,0.0,0.0,12,0
RXZQACCASWKYSX,3,0,0,0,0,0,0.0,0.0,30,0
NPUXQAACUNUHIX,3,0,0,0,0,0,0.0,0.0,0,0
CANZBRDGRHNSGZ,2,1,0,0,4,44,0.25,0.0,40,44
ICJJPTZLMALYBH,2,1,1,0,2,3,0.5,0.333333,109,11
QGFJORGLNPWXMK,1,1,0,0,1,1,1.0,1.0,122,0
VOUDTVRGPAGHGA,3,0,0,0,0,0,0.0,0.0,103,1
SDKQRNRRDYRQKY,2,1,0,0,1,1,1.0,1.0,49,0
WHBIGIKBNXZKFE,3,0,0,0,0,0,0.0,0.0,21,0
IJOCZMKYIFYFQK,1,1,0,0,1,1,1.0,1.0,168,0
QZPRUZHYBANQFG,3,0,0,0,0,0,0.0,0.0,11,0
GJSLOMWRLALDCT,2,1,0,0,1,1,1.0,1.0,15,0
FYWCDZKQBWSMDD,3,0,1,0,0,9,0.0,0.111111,70,23
YYJRAGPDSYXARF,2,1,0,0,1,1,1.0,1.0,46,0
JCHWTVUGTSYUOL,3,0,0,0,0,0,0.0,0.0,139,11
VXOWSCCBONVSRU,3,0,0,0,0,0,0.0,0.0,93,2
NGROIZSHBGXMTB,3,0,1,0,0,9,0.0,0.111111,2,20
PBOSTUDLECTMNL,2,1,0,0,49,49,0.0,0.0,84,0
BWSFBLYFHGZBRQ,3,0,0,0,0,0,0.0,0.0,173,1
XELXKZJCZXSVKJ,3,0,0,0,0,0,0.0,0.0,21,0
ULGNGSQNNMKROG,2,1,0,0,1,1,1.0,1.0,43,0
WJJBQRNAMWKGNO,2,1,0,0,38,38,0.0,0.0,68,0
VQEONGKQWIFHMN,3,0,0,0,0,0,0.0,0.0,3,0
GZIFEOYASATJEH,3,0,0,0,0,0,0.0,0.0,41,0
OEZJTMNFEIOILN,2,1,0,0,3,3,0.333333,0.333333,6,0
WHQCHUCQKNIQEC,3,0,0,0,0,0,0.0,0.0,1,0
VGJOYFZLAIERID,2,1,0,0,3,3,0.333333,0.333333,50,0
CHXGEXUSMGVBKI,3,0,0,0,0,0,0.0,0.0,100,0
PTDAHAWQAGSZDD,2,1,1,0,1,1,1.0,1.0,94,12
WWYBIFCBAWCPFI,3,0,0,0,0,0,0.0,0.0,8,0
NHAFYGMKGLAVPH,3,0,1,0,0,9,0.0,0.111111,1,51
DEFJQIDDEAULHB,3,0,0,0,0,0,0.0,0.0,16,0
CABVTRNMFUVUDM,2,1,0,0,1,1,1.0,1.0,2,0
PYVRVRFVLRNJLY,2,1,0,0,3,3,0.333333,0.333333,16,0
NMOVJBAGBXIKCG,2,1,0,0,1,1,1.0,1.0,5,1
NIOKCFABUMZUDL,1,1,0,0,1,1,1.0,1.0,32,3
UMJHTFHIQDEGKB,1,1,0,0,1,1,1.0,1.0,40,0
CFDIWPPOFAWCOJ,2,1,0,0,37,37,0.0,0.0,62,0
IRGJVQIJENCTQF,3,0,0,0,0,0,0.0,0.0,14,0
LLHJXODPYGGYCJ,3,0,0,0,0,0,0.0,0.0,0,0
INHVGPIPHZJQOP,2,1,0,0,44,44,0.0,0.0,84,0
AOCHUNQIEDKKDL,2,1,0,0,2,2,0.5,0.5,43,0
NHKZSTHOYNWEEZ,3,0,0,0,0,0,0.0,0.0,0,0
JOWXJLIFIIOYMS,2,1,0,0,1,1,1.0,1.0,7,0
QPDMOMIYLJMOQJ,3,0,0,0,0,0,0.0,0.0,45,3
FNOWZTMNFWPNII,1,1,0,1,1,1,1.0,1.0,18,0
XGDZEDRBLVIUMX,2,1,1,0,4,4,0.25,0.25,113,2
HNXQXTQTPAJEJL,2,1,0,0,4,4,0.25,0.25,10,0
WKHHFWJJIRCXHA,3,0,0,0,0,0,0.0,0.0,0,0
JTUCCIJVUMWRPQ,3,0,0,0,0,0,0.0,0.0,49,0
BTLGECQNWBWUCT,2,1,0,0,1,1,1.0,1.0,5,0
BIXZHMJUSMUDOQ,2,1,0,0,1,1,1.0,1.0,2,0
UNAWQKTWGFQKSW,2,1,0,0,25,25,0.04,0.04,27,0
AKGUUTOJDVYTKL,2,1,1,0,2,2,0.5,0.5,47,55
VXFJYXUZANRPDJ,3,0,0,0,0,0,0.0,0.0,16,4
VPKMKALIOUCHIT,3,0,0,0,0,0,0.0,0.0,211,11
MZIBEZJUHBXEJQ,1,1,0,0,6,6,0.166667,0.166667,47,0
JQUHMSXLZZWRHU,2,1,0,0,1,1,1.0,1.0,10,0
ODNMTIVRLHXQTE,2,1,0,0,7,7,0.142857,0.142857,107,0
QANMHLXAZMSUEX,3,0,0,0,0,0,0.0,0.0,14,0
ZXGWUCRPMYBWGO,2,1,0,0,4,4,0.25,0.25,29,22
OMGUWQWBDLPKCU,1,1,0,0,47,47,0.0,0.0,689,0
BGOFCVIGEYGEOF,2,1,1,0,3,3,0.333333,0.333333,32,5
KLMHYCKSMUAZFP,1,1,0,0,1,1,1.0,1.0,10,0
KKOLMSSIDZXPLS,2,1,0,0,4,4,0.25,0.25,26,0
RSIWXFIBHXYNFM,3,0,0,0,0,0,0.0,0.0,230,0
CAUANPLJFMVCHO,3,0,0,0,0,0,0.0,0.0,297,5
MBTAFMZUDOUGPS,2,1,1,0,1,1,1.0,1.0,52,9
HXYVTAGFYLMHSO,2,1,0,0,2,2,0.5,0.5,14,0
ADPAPZVYVYEBGS,1,1,0,0,6,6,0.166667,0.166667,12,0
UXYRZJKIQKRJCF,2,1,0,0,7,7,0.142857,0.142857,525,2
JVXWNCRJCLOVRQ,3,0,0,0,0,0,0.0,0.0,1,0
IGODCUREOYTJPM,3,0,0,0,0,0,0.0,0.0,102,5
DKEXFJVMVGETOO,2,1,0,0,2,2,0.5,0.5,19,0
WBWWGRHZICKQGZ,3,0,0,0,0,0,0.0,0.0,31,40
SLUFFIKFMLYKDM,3,0,0,0,0,0,0.0,0.0,174,0
NORHBOUZICGKOK,3,0,1,0,0,2,0.0,0.5,164,9
VEYNISLTHXQSGU,2,1,0,0,1,1,1.0,1.0,51,0
BXPINNBJLNOEOY,2,1,0,0,2,2,0.5,0.5,44,3
AJMZUFBKADIAKC,2,1,0,0,2,2,0.5,0.5,22,0
WDKOBPGTYYAAKJ,1,1,0,0,1,1,1.0,1.0,32,0
DDNCQMVWWZOMLN,3,0,0,0,0,0,0.0,0.0,66,0
DYNHJHQFHQTFTP,2,1,0,0,1,1,1.0,1.0,47,0
CUCNRHYDISBEQH,3,0,0,0,0,0,0.0,0.0,2,0
SAMXBYLRDCRTCV,2,1,0,0,1,1,1.0,1.0,59,0
WPZBPGLDPHSUSA,2,1,0,0,3,3,0.333333,0.333333,6,0
VFCNQNZNPKRXIT,1,0,0,0,0,0,0.0,0.0,1,0
IEZRNEGTKRQRFV,2,1,1,0,1,1,1.0,1.0,3,2
YLILOANQCQKPOD,2,1,0,0,19,19,0.052632,0.052632,24,0
SRWVXXOQHDZZPL,3,0,0,0,0,0,0.0,0.0,71,0
DINQLGRRIYZCPG,3,0,0,0,0,0,0.0,0.0,4,20
POQICXMTUPVZMX,2,1,0,0,1,1,1.0,1.0,46,4
GSROTDACALJGFK,3,0,0,0,0,0,0.0,0.0,14,0
PHLXREOMFNVWOH,2,1,0,0,6,6,0.166667,0.166667,15,0
YHGXYYIGHBPDMX,3,0,0,0,0,0,0.0,0.0,3,6
PWAOOJDMFUQOKB,3,0,1,0,0,12,0.0,0.083333,31,19
NXJLRTWACLZUAZ,2,1,0,0,2,2,0.5,0.5,7,0
HCJZFFIWRCBJKQ,3,0,0,0,0,0,0.0,0.0,19,0
XCCTYIAWTASOJW,3,0,0,0,0,0,0.0,0.0,6,0
VCCNKWWXYVWTLT,2,1,0,0,4,4,0.25,0.25,114,16
BBIDMUQZCCGABN,3,0,0,0,0,0,0.0,0.0,572,8
OWBQCPZBRPKYKE,3,0,0,0,0,0,0.0,0.0,55,0
LRHVZVQHYQOHJX,2,1,0,0,2,2,0.5,0.5,32,0
OBTRHSACGAHRDM,2,1,0,0,2,2,0.5,0.5,35,3
ONLMUMPTRGEPCH,2,1,0,0,1,1,1.0,1.0,19,0
NEEQFPMRODQIKX,3,0,0,0,0,0,0.0,0.0,2,0
GBAMFFILOSWMOO,3,0,0,0,0,0,0.0,0.0,160,0
XOXYHGOIRWABTC,2,1,0,0,17,17,0.058824,0.058824,88,0
IQHUITKNHOKGFC,1,1,0,0,1,1,1.0,1.0,39,0
PCMUPOUDXMFDRE,2,1,0,0,1,1,1.0,1.0,84,0
DVLLGHPCJPEUHA,3,0,0,0,0,0,0.0,0.0,45,0
VTYFITADLSVOAS,2,1,0,0,13,13,0.076923,0.076923,16,0
GCMGJWLOGKSUGX,3,0,0,0,0,0,0.0,0.0,16,0
LHZZULHOQSQSJN,2,1,0,0,4,4,0.25,0.25,18,0
BUKBJIBZOCTYLQ,3,0,0,0,0,0,0.0,0.0,16,0
CWVSUZGVHGBQBL,3,0,0,0,0,0,0.0,0.0,3,0
SUSIMFZQHRKHPM,2,1,1,0,31,31,0.0,0.0,108,15
MFOUDYKPLGXPGO,2,1,0,0,1,1,1.0,1.0,9,0
MRMHZWKIOFZZID,2,1,1,0,3,3,0.333333,0.333333,46,25
RPAVTHDZANYLNL,2,1,0,0,1,1,1.0,1.0,36,0
VHLKTXFWDRXILV,3,0,0,0,0,0,0.0,0.0,47,0
BJGUEPXNQKBVBW,2,1,0,0,1,1,1.0,1.0,47,0
YCIXWYOBMVNGTB,3,0,0,0,0,0,0.0,0.0,43,0
TXNJQKDZOVFCAQ,3,0,0,0,0,0,0.0,0.0,0,0
ITRJWOMZKQRYTA,1,1,0,1,1,1,1.0,1.0,146,0
BQKXJCBALVIMOT,2,1,0,0,23,23,0.043478,0.043478,24,0
KWAMQJKXYGOFSY,2,1,0,0,1,1,1.0,1.0,67,0
JQHGZAGUFPJYDL,3,0,0,0,0,0,0.0,0.0,59,5
YMDDELUTDBQEMT,1,1,0,0,4,4,0.25,0.25,36,4
IBXCKSUZOFKGSB,1,1,0,0,1,1,1.0,1.0,100,0
DJSISFGPUUYILV,1,1,1,0,1,1,1.0,1.0,51,16
CUDVHEFYRIWYQD,2,1,0,0,1,1,1.0,1.0,67,0
OZKVQSNRAFPWMK,2,1,0,0,1,1,1.0,1.0,9,0
SOLIIYNRSAWTSQ,1,1,0,0,1,1,1.0,1.0,12,0
RJWJHRPNHPHBRN,2,1,0,0,8,8,0.125,0.125,91,0
PSZDOEIIIJFCFE,2,1,0,0,22,23,0.045455,0.043478,312,9
QZKUNAATQJYHIC,2,1,0,0,1,1,1.0,1.0,5,0
NVJLIMSDAPOFHF,3,0,0,0,0,0,0.0,0.0,2,0
KDFKJOFJHSVROC,3,0,0,0,0,0,0.0,0.0,141,0
INVOSXVUPRCXKV,2,0,0,0,0,0,0.0,0.0,0,0
WXZVAROIGSFCFJ,1,1,0,0,1,1,1.0,1.0,40,0
DIJBBUIOWGGQOP,1,1,0,0,1,1,1.0,1.0,164,0
SNXPWYFWAZVIAU,2,1,0,0,3,3,0.333333,0.333333,54,0
LZOSYCMHQXPBFU,3,0,0,0,0,0,0.0,0.0,0,0
HXQHFNIKBKZGRP,1,1,0,0,3,3,0.333333,0.333333,84,0
XAPCMTMQBXLDBB,2,1,0,0,19,19,0.052632,0.052632,82,2
AJVSQVXQCTVFFY,2,1,0,0,2,2,0.5,0.5,55,0
JKYJSFISYHSNOE,2,1,0,0,1,1,1.0,1.0,83,0
ILQLITDRYFHAGM,2,1,1,0,13,16,0.076923,0.0625,480,17
YSGQGNQWBLYHPE,2,1,0,0,3,4,0.333333,0.25,98,1
PZNPHSFXILSZTM,3,0,0,0,0,0,0.0,0.0,76,0
LFHNVTKRYWORIP,2,1,0,0,2,2,0.5,0.5,178,0
IKACRWYHQXOSGM,2,1,0,0,1,1,1.0,1.0,35,0
KQKIBPHENIYGEF,1,0,0,0,0,0,0.0,0.0,9,0
BVHCIBPROINFPQ,3,0,0,0,0,0,0.0,0.0,189,0
WRSGLSMQZLBGNH,3,0,0,0,0,0,0.0,0.0,0,0
PRFXRIUZNKLRHM,3,0,0,0,0,0,0.0,0.0,521,0
XJLATMLVMSFZBN,2,1,0,0,1,1,1.0,1.0,3,0
UPTYCYWTFGTCCG,2,1,0,0,1,1,1.0,1.0,32,0
WYDUSKDSKCASEF,1,1,0,0,2,2,0.5,0.5,9,0
ACQRUPZAAPLQQP,3,0,0,0,0,0,0.0,0.0,84,7
WBIQYHZEYQDKCL,2,1,0,0,1,1,1.0,1.0,204,0
UXYJCYXWJGAKQY,3,0,0,0,0,0,0.0,0.0,98,0
PHXOAJMVLUFUDQ,3,0,0,0,0,0,0.0,0.0,113,0
WZWIOTYITIUOCJ,2,1,1,0,51,51,0.0,0.0,91,11
AVFIYMSJDDGDBQ,2,1,0,0,158,158,0.0,0.0,572,1
NQGSPODDMCKPBZ,2,1,0,0,40,40,0.0,0.0,188,2
ZUKWGQJERAFPPP,2,1,1,0,1,1,1.0,1.0,9,17
SDTFURCSGWUESP,3,0,0,0,0,0,0.0,0.0,136,0
BUQQDANPHQFSEK,3,0,1,0,0,4,0.0,0.25,75,7
IIFCLXHRIYTHPV,3,0,0,0,0,0,0.0,0.0,80,0
DYUGTPXLDJQBRB,2,1,0,0,1,1,1.0,1.0,6,4
FPNYZEUDIBOJQA,3,0,0,0,0,0,0.0,0.0,466,0
DFGYGTWTXGTQIC,2,1,0,0,2,2,0.5,0.5,24,0
IRIKOFVOCRZPKL,1,1,0,0,1,1,1.0,1.0,20,0
MSWRFBPAGLGJCX,2,1,0,0,1,1,1.0,1.0,6,0
CNKHSLKYRMDDNQ,3,0,0,0,0,0,0.0,0.0,204,0
SWMBSQOIQMEUOU,3,0,0,0,0,0,0.0,0.0,28,0
NFZWLQORNBHQRQ,2,1,0,0,1,1,1.0,1.0,1,0
HXQQNYSFSLBXQJ,2,0,0,0,0,0,0.0,0.0,83,0
RMFZYEBIQCUWPE,3,0,0,0,0,0,0.0,0.0,80,0
HPHXOIULGYVAKW,2,1,1,0,3,3,0.333333,0.333333,79,5
MULATNABYLUECQ,3,0,0,0,0,0,0.0,0.0,176,14
HTPFCQBRMHUAEU,3,0,0,0,0,0,0.0,0.0,144,0
XUOQKQRMICQUQC,3,0,0,0,0,0,0.0,0.0,222,0
AJFWREUFUPEYII,2,1,0,0,1,1,1.0,1.0,7,23
URBFANMWRODMRT,1,1,1,0,1,1,1.0,1.0,2,1
OFVLGDICTFRJMM,2,1,0,0,2,2,0.5,0.5,55,0
ZBBZROWQLKCFQK,2,1,0,0,106,106,0.0,0.0,286,0
HCYAFALTSJYZDH,1,1,0,0,1,1,1.0,1.0,9,0
XHCADAYNFIFUHF,3,0,1,0,0,3,0.0,0.333333,66,4
OOADLWBTJWWEHC,2,1,0,0,20,20,0.05,0.05,39,0
DXBJHRPKFQGVGZ,3,0,0,0,0,0,0.0,0.0,5,0
JUGKCFLQZJYLHO,3,0,0,0,0,0,0.0,0.0,16,0
BJMXBTRNBWZGEQ,2,1,0,0,1,6,1.0,0.166667,3,5
COUKTHZXLGYKPK,3,0,1,0,0,3,0.0,0.333333,156,6
AVLKQJXYLBZMPQ,3,0,0,0,0,0,0.0,0.0,80,0
OGXNFSOEIVPPSG,3,0,0,0,0,0,0.0,0.0,45,0
AZIUYJPOBCMPON,3,0,1,0,0,1,0.0,1.0,81,2
HPFXACZRFJDURI,2,1,0,0,1,1,1.0,1.0,13,4
FJQKXKNZQQBTDD,2,1,0,0,3,3,0.333333,0.333333,30,0
DTPCFIHYWYONMD,2,1,0,0,1,1,1.0,1.0,29,0
NTBBASCGALPTDC,2,1,0,0,2,2,0.5,0.5,31,0
OBBKIKZFVSBXJQ,1,1,0,0,1,1,1.0,1.0,25,0
CTXHTRWRNKBGGX,1,1,0,0,1,1,1.0,1.0,178,3
RCYPVQCPYKNSTG,3,0,0,0,0,0,0.0,0.0,32,0
TZFWDZFKRBELIQ,2,1,0,0,1,1,1.0,1.0,1,0
GCCFMSAXQJECNH,1,1,0,0,1,1,1.0,1.0,3,2
GUHPRPJDBZHYCJ,1,1,0,0,1,1,1.0,1.0,6,0
HXKURAVERIWKLH,3,0,0,0,0,0,0.0,0.0,5,3
AOPBDRUWRLBSDB,3,0,0,0,0,0,0.0,0.0,2,0
IDRHDKGNUNKODU,2,1,0,0,1,1,1.0,1.0,6,0
QQUHMASGPODSIW,3,0,0,0,0,0,0.0,0.0,51,0
DQJKVVGTJNBSOS,2,1,0,0,2,4,0.5,0.25,35,2
APTOFTJOCNPNQP,1,1,0,0,13,13,0.076923,0.076923,25,1
MOALQBYBRKKDEH,2,1,1,0,25,25,0.04,0.04,227,30
YFHHIZGZVLHBQZ,3,0,0,0,0,0,0.0,0.0,131,0
IXIMDUAPYHOVHL,1,1,0,0,1,1,1.0,1.0,64,0
BPZZWRPHVVDAPT,1,1,1,0,1,1,1.0,1.0,11,3
SZMJVTADHFNAIS,1,1,0,0,1,1,1.0,1.0,69,0
FXOBIDROVMXPBW,2,1,0,0,5,12,0.2,0.083333,196,15
DMTIGERKTROHBA,2,1,0,0,3,3,0.333333,0.333333,61,0
CNEAFYADRZPYEP,2,1,0,0,198,220,0.0,0.0,504,24
ZQDWXGKKHFNSQK,1,1,0,0,1,1,1.0,1.0,301,0
SWLNXMJZQXZBCB,2,1,0,0,1,1,1.0,1.0,7,0
CECREIRZLPLYDM,1,1,1,0,1,1,1.0,1.0,127,8
PJWYFLXQADFKOL,1,1,0,0,1,1,1.0,1.0,128,0
SFTJTIUAYCUEKQ,3,0,0,0,0,0,0.0,0.0,129,0
JUVIOZPCNVVQFO,3,0,0,0,0,0,0.0,0.0,122,0
MHJBZVSGOZTKRH,3,0,1,0,0,1,0.0,1.0,51,13
CAMYXILYLXYDFE,1,1,0,0,1,1,1.0,1.0,11,1
ZGLXUQQMLLIKAN,3,0,1,0,0,1,0.0,1.0,187,1
LKVIDBLGZHMPCV,2,1,0,0,2,4,0.5,0.25,43,29
KJPAOKCLRDGPMI,3,0,0,0,0,0,0.0,0.0,5,0
DOUQNGAJTIRQPP,3,0,0,0,0,0,0.0,0.0,93,4
YYVYAPXYZVYDHN,2,1,0,0,2,2,0.5,0.5,10,0
RVXFSLZMZOFGEQ,2,1,1,0,15,15,0.066667,0.066667,213,38
OHZHMFHUDGVZSK,1,0,0,0,0,0,0.0,0.0,0,0
YMPALHOKRBVHOJ,3,0,0,0,0,0,0.0,0.0,11,0
RMPRESDCJMOAHW,2,1,0,0,9,9,0.111111,0.111111,156,0
SECPZKHBENQXJG,1,1,0,0,7,7,0.142857,0.142857,71,0
MRHAPHFJBAUDTR,2,1,1,0,1,2,1.0,0.5,10,2
BJVAIYSAEBZQNS,2,1,0,0,1,1,1.0,1.0,5,0
QADHLRWLCPCEKT,3,0,0,0,0,0,0.0,0.0,80,2
ZRBFCAALKKNCJG,1,1,1,0,2,2,0.5,0.5,35,20
TXFYYWHRTDECTR,2,1,0,0,2,5,0.5,0.2,102,10
XIRNKXNNONJFQO,3,0,1,0,0,3,0.0,0.333333,30,1
GZGZWZVAJDFXJK,2,1,0,0,10,10,0.1,0.1,58,0
JQKLZAQSMGFZSI,2,1,1,0,1,1,1.0,1.0,139,9
XZZNDPSIHUTMOC,3,0,0,0,0,0,0.0,0.0,7,0
RIGIWEGXTTUCIQ,3,0,0,0,0,0,0.0,0.0,0,0
DTDADHMBRZKXSC,1,1,0,0,2,2,0.5,0.5,153,0
CIGQQQTZOIDQQR,3,0,0,0,0,0,0.0,0.0,277,0
DMVOXQPQNTYEKQ,2,1,0,0,2,2,0.5,0.5,8,0
PTKSEFOSCHHMPD,2,1,0,0,3,3,0.333333,0.333333,16,0
LZMRDTLRSDRUSU,2,1,0,0,184,193,0.0,0.0,253,9
NGBFQHCMQULJNZ,3,0,1,0,0,1,0.0,1.0,34,2
FELGMEQIXOGIFQ,1,1,0,0,1,1,1.0,1.0,26,0
QMGGMESMCJCABO,2,1,0,0,5,5,0.2,0.2,43,0
KDFQABSFVYLGPM,1,1,0,0,1,1,1.0,1.0,88,0
BRXNFHGWRDJMSF,2,1,0,0,2,2,0.5,0.5,8,0
ARJHYIXJSHLFBK,2,1,0,0,2,2,0.5,0.5,43,0
LYGRISUQIZNHGM,2,1,0,0,1,1,1.0,1.0,26,0
PCUOEOPTDCUNQQ,2,1,0,0,2,2,0.5,0.5,167,0
HQVOPXGNHGTKOD,1,1,0,0,2,2,0.5,0.5,17,0
UIHPNZDZCOEZEN,3,0,1,0,0,2,0.0,0.5,6,2
NAIMYXZJCNXCQD,3,0,0,0,0,0,0.0,0.0,96,0
IRVWPZRYDQROLU,3,0,1,0,0,4,0.0,0.25,103,5
ABEPLDYBWOKMCT,2,1,0,0,5,5,0.2,0.2,12,0
DCWLOCNJVDYFMA,3,0,0,0,0,0,0.0,0.0,0,0
NHNODHRSCRALBF,1,1,0,0,1,1,1.0,1.0,2,0
VVDZZNWYISOIDK,1,1,0,0,3,3,0.333333,0.333333,203,0
OWBAIJHXJULMDF,3,0,0,0,0,0,0.0,0.0,32,0
WEJYNZVGAGTAKE,2,1,0,0,1,1,1.0,1.0,95,0
QIEPESYLHXEYLK,2,1,0,0,1,1,1.0,1.0,135,0
ZKFQEACEUNWPMT,3,0,0,0,0,0,0.0,0.0,28,0
KDCCOOGTVSRCHX,3,0,0,0,0,0,0.0,0.0,26,0
OKRNDQLCMXUCGG,2,1,0,0,12,12,0.083333,0.083333,96,0
DPBYCORQBMMFJZ,2,1,1,0,3,3,0.333333,0.333333,63,3
APGIPIWYVRPJKL,2,1,0,0,1,1,1.0,1.0,9,0
UORGKBIHVJEQBO,1,1,0,0,1,1,1.0,1.0,56,4
KQGDHYQRJRGMDG,3,0,0,0,0,0,0.0,0.0,29,17
KLFIUQCKSSAFFU,1,1,0,0,1,1,1.0,1.0,20,0
XNPVHIQPSAZTLC,2,1,1,0,2,3,0.5,0.333333,199,4
UPNWIBPHYOJXOA,2,0,0,0,0,0,0.0,0.0,0,0
WVLHGCRWEHCIOT,3,0,0,0,0,0,0.0,0.0,20,0
RCIAZDQVOCMCHH,3,0,0,0,0,0,0.0,0.0,58,0
LEHOTFFKMJEONL,1,1,0,0,1,1,1.0,1.0,3,0
YLCJNMGKCHGJRF,3,0,0,0,0,0,0.0,0.0,157,0
AFCGFAGUEYAMAO,3,0,0,0,0,0,0.0,0.0,4,0
NZRLODDQFPZTPM,3,0,0,0,0,0,0.0,0.0,68,0
JWFCDGLPKVNFEN,2,1,1,0,2,2,0.5,0.5,12,24
FZTCTTODSSJQQB,2,1,0,0,1,1,1.0,1.0,18,0
WXTPOHDTGNYFSB,3,0,0,0,0,0,0.0,0.0,13,0
NQUADVBAWMQDCB,3,0,0,0,0,0,0.0,0.0,34,0
APZYKUZPJCQGPP,2,1,0,0,6,6,0.166667,0.166667,54,0
RWHOZGRAXYWRNX,3,0,0,0,0,0,0.0,0.0,6,0
SRRJCDUOSQWHGS,2,0,0,0,0,0,0.0,0.0,0,0
DJJCXFVJDGTHFX,3,0,0,0,0,0,0.0,0.0,9,0
LBQUZEGPLOWJBH,1,1,0,0,1,1,1.0,1.0,25,0
LZGVQJDYLAUCGI,2,1,0,0,7,9,0.142857,0.111111,158,2
PKZLCDIEFSFXDK,3,0,1,0,0,1,0.0,1.0,14,14
ZFHBPZHOLGMDMW,2,1,0,0,2,5,0.5,0.2,105,5
JLDQDLKBBDQYDE,2,1,0,0,1,1,1.0,1.0,27,0
AIZFEOPQVZBNGH,3,0,0,0,0,0,0.0,0.0,20,0
KSEBMYQBYZTDHS,3,0,0,0,0,0,0.0,0.0,136,0
TXEAVXYHQMQTHQ,2,1,0,0,1,1,1.0,1.0,125,0
HZFQJXUVAZJXLJ,2,1,0,0,2,2,0.5,0.5,33,0
WRDDFOFFQDOVRV,2,1,0,0,3,7,0.333333,0.142857,17,28
JFRZOWFDKVTWRL,2,1,0,0,3,3,0.333333,0.333333,13,4
JYESOAFLKFHYHP,3,0,0,0,0,0,0.0,0.0,61,0
FACUYWPMDKTVFU,3,0,0,0,0,0,0.0,0.0,2,0
ZJFKKPDLNLCPNP,3,0,0,0,0,0,0.0,0.0,18,4
JQPWYZMMVLNRCH,3,0,0,0,0,0,0.0,0.0,26,0
HETZRHDDRHBPKX,2,1,0,0,49,49,0.0,0.0,225,1
CSJPOEXQYWFUFT,2,1,0,0,3,3,0.333333,0.333333,19,0
ZQLIAKJHIRHCFA,3,0,0,0,0,0,0.0,0.0,62,0
UFUDXCDPABDFHK,1,1,0,0,1,1,1.0,1.0,70,0
SSVHQKZUFBBLJY,3,0,0,0,0,0,0.0,0.0,153,14
JTYYHSPDVLJFOJ,2,1,0,0,1,1,1.0,1.0,71,0
AMKVXSZCKVJAGH,3,0,0,0,0,0,0.0,0.0,58,0
SCYCMFQAMTUOEU,3,0,0,0,0,0,0.0,0.0,2,0
KWBPKUMWVXUSCA,3,0,0,0,0,0,0.0,0.0,27,0
BUYMVQAILCEWRR,1,1,0,0,1,1,1.0,1.0,1,0
VBZSMBBOZFITID,2,1,0,0,3,3,0.333333,0.333333,14,0
BKPFUQLDJWNCIK,2,1,0,0,1,10,1.0,0.1,17,9
HPMRFMKYPGXPEP,3,0,0,0,0,0,0.0,0.0,34,0
JFEFKYNVTFPFRI,3,0,0,0,0,0,0.0,0.0,91,0
RSZDAYHEZSRVHS,2,1,0,0,3,3,0.333333,0.333333,169,0
PBWOIPCULUXTNY,2,0,0,0,0,0,0.0,0.0,11,0
QPMKRRUDQIKGNH,3,0,0,0,0,0,0.0,0.0,111,2
YMHOBZXQZVXHBM,3,0,0,0,0,0,0.0,0.0,2,0
URTPDSARMPGSPA,2,1,0,0,33,33,0.0,0.0,66,1
BXEHUCNTIZGSOJ,2,1,0,0,1,1,1.0,1.0,1,0
BGXFQDFSVDZUIW,2,1,0,0,4,4,0.25,0.25,141,3
CWHFENCDPWUVOE,3,0,0,0,0,0,0.0,0.0,56,3
ZSPZNFOLWQEVQJ,3,0,0,0,0,0,0.0,0.0,224,2
GSBFARPNIZUMHA,2,1,0,0,8,10,0.125,0.1,41,2
HVXXOIGTXJOVON,2,1,0,0,37,37,0.0,0.0,78,0
HZGGHVGIXDRDDH,2,1,1,0,3,6,0.333333,0.166667,53,7
OXGUCUVFOIWWQJ,2,1,1,0,1,2,1.0,0.5,150,22
WWNYZTBMVRRLJM,3,0,0,0,0,0,0.0,0.0,281,0
JMIBHWXICSSLDW,3,0,1,0,0,2,0.0,0.5,0,5
BXZJZDQDHHZIIB,2,1,0,0,2,2,0.5,0.5,113,0
DTNGBIGBPPPNNB,1,1,0,0,1,1,1.0,1.0,247,1
UZYZCCWBBBCDAD,2,1,1,0,1,11,1.0,0.090909,15,20
ZHVAHWMKMXITOD,1,0,0,1,1,1,1.0,1.0,0,0
VMWUXSVSQGMOLS,3,0,0,0,0,0,0.0,0.0,3,0
SXHJWBRJNQZWBI,1,1,0,0,1,1,1.0,1.0,5,0
DYKFCLLONBREIL,2,1,0,0,2,2,0.5,0.5,38,0
NOOJQDXMGLPOOA,2,1,1,0,18,18,0.055556,0.055556,107,10
JRKSVIUQRJEQDF,3,0,0,0,0,0,0.0,0.0,130,0
IVXSXOFPZFVZTM,2,1,0,0,18,18,0.055556,0.055556,31,0
WPMJNLCLKAKMLA,3,0,0,0,0,0,0.0,0.0,27,0
YSGQGNQWBLYHPE,2,1,0,0,3,4,0.333333,0.25,98,1
JJHHIJFTHRNPIK,2,1,0,0,1,1,1.0,1.0,4,0
BZQRJBLJDFPOBX,3,0,0,0,0,0,0.0,0.0,0,0
TXXWXESCAGCJAD,3,0,0,0,0,0,0.0,0.0,0,0
FCANTWZHYAQEKU,3,0,0,0,0,0,0.0,0.0,12,0
FWHAYHIGJSFGKO,1,1,0,0,1,1,1.0,1.0,180,0
AOMRFBUBFPUMQG,2,1,0,0,1,1,1.0,1.0,73,0
JECOCDKQCZSANH,1,1,0,0,1,1,1.0,1.0,42,2
ANVAOWXLWRTKGA,3,0,0,0,0,0,0.0,0.0,12,0
QHZLMUACJMDIAE,2,1,0,0,4,4,0.25,0.25,11,0
YRWXPMXSOIZLLX,3,0,0,0,0,0,0.0,0.0,6,0
BLTCBVOJNNKFKC,3,0,1,0,0,1,0.0,1.0,19,3
RRVQWUQWPISZCH,1,1,0,0,1,1,1.0,1.0,35,0
CPAITHGIZYENCB,3,0,0,0,0,0,0.0,0.0,59,0
OXQSHEREUUUCEE,3,0,0,0,0,0,0.0,0.0,8,20
VRYZQXKLNLFTAI,2,0,0,0,0,0,0.0,0.0,0,0
AQFWYTNPVDQLGS,3,0,0,0,0,0,0.0,0.0,46,0
AMOGMTLMADGEOQ,2,1,0,0,4,4,0.25,0.25,78,0
IEQXMKLSFWMELP,1,1,0,0,1,1,1.0,1.0,25,0
RWIFCBRKLSVYBB,3,0,0,0,0,0,0.0,0.0,0,0
MVGSNCBCUWPVDA,3,0,0,0,0,0,0.0,0.0,62,0
UMCBDWHORFFLCD,2,0,0,0,0,0,0.0,0.0,68,0
WSUMGSSXAHYOFH,3,0,0,0,0,0,0.0,0.0,688,4
GSXOAOHZAIYLCY,3,0,0,0,0,0,0.0,0.0,36,0
OZWKMVRBQXNZKK,2,1,0,0,2,2,0.5,0.5,41,0
RGWHQCVHVJXOKC,3,0,1,0,0,1,0.0,1.0,9,2
NITYDPDXAAFEIT,2,1,0,0,1,1,1.0,1.0,74,0
LWXJBFFPVPUUSL,3,0,0,0,0,0,0.0,0.0,37,0
XJMPAUZQVRGFRE,2,1,0,0,12,12,0.083333,0.083333,54,0
QZJVBGCZOLNWHW,2,1,0,0,9,9,0.111111,0.111111,230,0
QZSMPWVATGOHPH,1,1,0,0,7,7,0.142857,0.142857,20,0
KIENONKNUZTGNQ,1,1,0,0,1,1,1.0,1.0,77,2
MPHPHYZQRGLTBO,2,1,0,0,25,25,0.04,0.04,56,0
RTYOLBQXFXYMKY,2,1,1,0,1,1,1.0,1.0,74,5
KKNYIFDIQAVMQG,2,0,0,0,0,0,0.0,0.0,70,0
IBALRBWGSVJPAP,2,1,0,0,1,1,1.0,1.0,7,0
FCFNRCROJUBPLU,1,1,0,0,1,1,1.0,1.0,4,0
SMFXSYMLJDHGIE,2,1,0,0,1,1,1.0,1.0,7,0
WDIQXKYUSINZME,3,0,0,0,0,0,0.0,0.0,108,0
KYRSNWPSSXSNEP,3,0,0,0,0,0,0.0,0.0,29,0
RYVGCUJETSKZDU,2,1,1,0,3,5,0.333333,0.2,43,5
AMEWZCMTSIONOX,3,0,0,0,0,0,0.0,0.0,45,0
OGRXKBUCZFFSTL,3,0,0,0,0,0,0.0,0.0,8,0
MNLGBRDSLUAKRO,2,0,0,0,0,0,0.0,0.0,150,0
MYHXHCUNDDAEOZ,3,0,1,0,0,6,0.0,0.166667,521,11
QUCKZYFUROTIBC,2,1,1,0,1,1,1.0,1.0,2,9
QQJDHWMADUVRDL,2,0,0,0,0,0,0.0,0.0,0,0
YTZSBJLNMIQROD,3,0,0,0,0,0,0.0,0.0,101,0
POCJVFDFEBOVMF,3,0,0,0,0,0,0.0,0.0,6,0
QJHCTHPYUOXOGM,3,0,0,0,0,0,0.0,0.0,130,0
MVMQESMQSYOVGV,1,1,0,0,1,1,1.0,1.0,16,0
KCMWOWTUEWHAMM,2,1,0,0,123,123,0.0,0.0,133,0
GROMEQPXDKRRIE,3,0,0,0,0,0,0.0,0.0,2,2
HKIKAXXIWJHWLY,3,0,0,0,0,0,0.0,0.0,109,0
YNHVZXATNGMVNC,3,0,0,0,0,0,0.0,0.0,41,0
NTHMDFGHOCNNOE,3,0,0,0,0,0,0.0,0.0,4,0
SVCPILBFQWTZFW,2,1,0,0,1,1,1.0,1.0,36,0
OVCDSSHSILBFBN,1,1,0,0,1,1,1.0,1.0,116,0
OMICQBVLCVRFGN,3,0,0,0,0,0,0.0,0.0,185,0
TVFMXYDXPCLOEQ,2,1,0,0,69,69,0.0,0.0,124,0
HTULNBQKFKMRAH,3,0,0,0,0,0,0.0,0.0,18,0
PBEDWPIWZYHNPL,2,0,0,0,0,0,0.0,0.0,0,0
TZFWDZFKRBELIQ,3,0,0,0,0,0,0.0,0.0,0,0
OAFXTKGAKYAFSI,3,0,0,0,0,0,0.0,0.0,7,0
MSWZFWKMSRAUBD,3,0,1,0,0,3,0.0,0.333333,30,1
ZWQUPIDNCOVROC,3,0,0,0,0,0,0.0,0.0,56,4
RWVJYKHAFMWADK,1,1,0,0,1,1,1.0,1.0,107,0
REUGOQDHLPXDSB,2,1,0,0,2,2,0.5,0.5,14,0
AZZVIICXENBKAB,2,1,0,0,3,3,0.333333,0.333333,26,0
GJYBMGDRIGIOBX,2,1,0,0,5,5,0.2,0.2,50,0
UORQJKKOBXSGRG,2,1,1,0,1,1,1.0,1.0,164,4
FTEWYGPKBUSJTI,2,1,0,0,1,1,1.0,1.0,3,0
NCGFVCSHBVQLHK,3,0,0,0,0,0,0.0,0.0,504,8
DSOWUEHXZJUNID,2,1,0,0,2,2,0.5,0.5,30,0
SMKRKQBMYOFFMU,2,1,0,0,13,13,0.076923,0.076923,98,0
MDAUFUALHVJQPD,2,0,0,0,0,0,0.0,0.0,3,0
UPCIFQHZBUREPV,2,1,0,0,50,53,0.0,0.0,140,19
PXNSPZIJUVZDBI,1,1,0,0,1,1,1.0,1.0,19,0
SHIZRFSRTKXRQL,3,0,0,0,0,0,0.0,0.0,38,3
YOSAXDOXINGSJA,2,1,1,0,1,5,1.0,0.2,25,20
MUWOPMUWBVOVID,2,1,0,0,2,2,0.5,0.5,2,0
YRKLGWOHYXIKSF,3,0,0,0,0,0,0.0,0.0,17,0
KHWHODOWEXOYIJ,2,1,0,0,1,1,1.0,1.0,5,0
MBYYMZUVLLYROS,3,0,1,0,0,39,0.0,0.0,207,12
QPQRGIHXJVTGCW,2,1,0,0,1,1,1.0,1.0,88,0
GRVRRAOIXXYICO,3,0,0,0,0,0,0.0,0.0,7,0
DXRRYTCUQOXXIL,2,1,0,0,1,4,1.0,0.25,11,3
DLSUXMZHOIJLGM,1,1,0,0,1,1,1.0,1.0,16,0
ZZGVJHSBRGZEML,3,0,0,0,0,0,0.0,0.0,22,0
HUDBDWIQSIGUDI,1,1,1,0,1,1,1.0,1.0,37,3
LEOHDQKUMQKLMP,3,0,0,0,0,0,0.0,0.0,85,0
DPFSNFFFCPHBOW,3,0,0,0,0,0,0.0,0.0,18,0
KZTNBUSIRSVZGK,2,1,0,0,47,47,0.0,0.0,52,0
PGYQQEYWYHVHOW,2,1,0,0,1,1,1.0,1.0,6,0
OIDYMQICWGYEDR,2,1,0,0,3,3,0.333333,0.333333,8,0
AKNHFZVXJDNNJF,3,0,0,0,0,0,0.0,0.0,159,0
VDJHFHXMUKFKET,2,1,0,0,1,1,1.0,1.0,137,0
OLBVCMYKIIQLQT,2,1,0,0,6,6,0.166667,0.166667,8,0
LJBBMCNHIUJBDU,3,0,0,0,0,0,0.0,0.0,20,4
FNIDWIWVIDQZRV,3,0,0,0,0,0,0.0,0.0,2,0
VHGCDTVCOLNTBX,2,1,0,0,1,1,1.0,1.0,13,0
BWSGVXGTFNCUBB,3,0,0,0,0,0,0.0,0.0,101,0
PEYODCCEJQCEBL,2,1,0,0,8,8,0.125,0.125,37,0
STJLVHWMYQXCPB,2,1,0,0,1,1,1.0,1.0,7,0
HQXAVJAVLMJBRC,2,1,1,0,1,1,1.0,1.0,17,4
BDDRVKWDFUPFJD,2,1,0,0,2,2,0.5,0.5,30,0
XTLHEUFWRQKNNG,3,0,1,0,0,1,0.0,1.0,42,2
OFSZOCPGPLMCBG,2,1,0,0,7,7,0.142857,0.142857,33,0
WDHUSHSLPTXJOZ,1,1,1,0,1,1,1.0,1.0,13,16
BHYCLFCOZPICKT,3,0,0,0,0,0,0.0,0.0,7,0
RCZMWVKBVFOCEE,1,1,0,0,1,1,1.0,1.0,198,0
PYVRVRFVLRNJLY,2,1,0,0,3,3,0.333333,0.333333,16,0
QCHFTSOMWOSFHM,1,0,0,1,25,25,0.04,0.04,24,0
OKJHGOPITGTTIM,3,0,0,0,0,0,0.0,0.0,216,0
GAAPPIKAFNZRLA,2,1,0,0,1,1,1.0,1.0,11,0
SLWJVQQNDGLXTK,1,1,1,0,1,1,1.0,1.0,317,3
MRDQSOZRIXPBPM,3,0,0,0,0,0,0.0,0.0,26,0
NIGWMJHCCYYCSF,2,1,0,0,1,1,1.0,1.0,6,0
IMMADCCLTPCOKH,2,1,1,0,4,4,0.25,0.25,50,20
XJNQXTISSHEQKD,2,1,0,0,615,615,0.0,0.0,652,0
CXGZFWPMXPAZEA,1,1,0,0,3,3,0.333333,0.333333,23,0
SCNILGOVBBRMBK,2,1,0,0,259,259,0.0,0.0,276,0
AFLNGLSTOJPKJJ,2,1,0,0,2,2,0.5,0.5,37,0
SYYBDNPGDKKJDU,1,1,0,0,1,1,1.0,1.0,16,0
NJLUHFDDAQPMDI,2,1,0,0,31,31,0.0,0.0,59,0
RQDVJSDWJAIKOJ,2,1,1,0,4,4,0.25,0.25,80,14
MDJQWFFIUHUJSB,2,1,0,0,1,1,1.0,1.0,59,0
SNCVSGFALWTXMM,1,1,0,0,1,1,1.0,1.0,15,0
MQSXZQXHIJMNAF,3,0,0,0,0,0,0.0,0.0,49,1
NFPWPUKNJIRZPK,2,1,0,0,3,3,0.333333,0.333333,196,0
ULBIMFHIPUGBOI,3,0,0,0,0,0,0.0,0.0,22,0
LPRAEKVSUWNMQU,3,0,0,0,0,0,0.0,0.0,10,40
IKUQEFGEUOOPGY,3,0,1,0,0,2,0.0,0.5,24,6
JRCZTCGPEBCBPF,3,0,1,0,0,3,0.0,0.333333,5,11
JJEDRQBBRDBTRN,3,0,0,0,0,0,0.0,0.0,156,4
NGPDQWFWZNXVLZ,1,1,0,0,1,1,1.0,1.0,7,0
QHOQHJPRIBSPCY,1,1,1,0,1,1,1.0,1.0,8,1
WBIPQNHZBSDIPU,3,0,0,0,0,0,0.0,0.0,28,0
IXWWTVSMMIIIFZ,2,1,0,0,6,6,0.166667,0.166667,56,0
RPJZYOHZALDGKI,2,1,0,0,2,2,0.5,0.5,19,3
AHTIKTYAZWVOGR,1,1,0,1,1,1,1.0,1.0,46,0
HPNSFSBZBAHARI,2,1,1,0,1,1,1.0,1.0,134,2
LFRFNLMDZHTVHB,3,0,0,0,0,0,0.0,0.0,27,0
FVMUXMFNDQLEAU,2,1,0,0,10,10,0.1,0.1,124,0
FPSPNNCKALEKTN,1,1,0,0,1,1,1.0,1.0,4,0
OVBPIULPVIDEAO,3,0,0,0,0,0,0.0,0.0,99,0
PQKBPHSEKWERTG,2,1,0,0,1,1,1.0,1.0,11,0
LFMFFFFYZMXHNI,3,0,0,0,0,0,0.0,0.0,1,0
RDUAKQUSLVHHOC,3,0,0,0,0,0,0.0,0.0,91,0
AKUOSFHZSPFGEP,2,1,1,0,1,1,1.0,1.0,49,1
RERZNCLIYCABFS,2,1,0,0,1,1,1.0,1.0,21,0
SQOJOAFXDQDRGF,2,1,1,0,3,5,0.333333,0.2,63,22
SKHJNNFXCKTDBG,3,0,0,0,0,0,0.0,0.0,31,0
LUCHPKXVUGJYGU,1,1,1,0,1,1,1.0,1.0,12,6
MZFHPXNJDRKZLZ,2,1,0,0,1,1,1.0,1.0,7,5
PRQWQWSKFNQAOG,2,1,0,0,15,15,0.066667,0.066667,29,0
VYYHGKQKCBDQKO,2,1,0,0,45,46,0.0,0.0,157,8
RZFIXPBHLZLWBA,3,0,0,0,0,0,0.0,0.0,32,0
HQNACSFBDBYLJP,2,1,0,0,1,1,1.0,1.0,3,0
WRRZKDVBPZBNJN,2,1,0,0,27,27,0.0,0.0,60,0
OOEOVXMORBPOKC,2,1,0,0,2,2,0.5,0.5,10,0
XXEPPPIWZFICOJ,3,0,0,0,0,0,0.0,0.0,24,0
JOOXLOJCABQBSG,3,0,0,0,0,0,0.0,0.0,30,0
NXFICBFQXYEHSU,3,0,0,0,0,0,0.0,0.0,66,0
JEKMKNDURXDJAD,3,0,0,0,0,0,0.0,0.0,220,1
KJDCENXZHMAYTN,3,0,0,0,0,0,0.0,0.0,0,0
BSZLLSHGSWKZRE,3,0,1,0,0,3,0.0,0.333333,103,3
CVEQISBYHSILGF,2,1,0,0,9,14,0.111111,0.071429,44,12
QMKNKUCTQSRDGU,2,1,0,0,2,2,0.5,0.5,7,0
FZHXIRIBWMQPQF,2,1,1,0,2,2,0.5,0.5,30,6
SUYVUBYJARFZHO,2,1,1,0,1,1,1.0,1.0,6,4
VZEJFGXIOVVAES,2,1,0,0,2,2,0.5,0.5,15,0
XSAACZDYCQIFPG,2,1,0,0,3,3,0.333333,0.333333,40,0
GHXSYXQURAMQQE,3,0,0,0,0,0,0.0,0.0,0,0
JLFOTJPFBATTLK,2,0,0,0,0,0,0.0,0.0,0,0
PFTQIVMILQKDQN,2,1,1,0,2,6,0.5,0.166667,99,9
AKYKYHKJUHUACD,2,1,0,0,10,10,0.1,0.1,142,0
IHCPDBBYTYJYIL,3,0,0,0,0,0,0.0,0.0,19,1
WTFXTQVDAKGDEY,3,0,0,0,0,0,0.0,0.0,22,0
UUPFPLJLQPYEKS,3,0,0,0,0,0,0.0,0.0,25,0
DWNZYUCWYBDRIX,2,0,0,0,0,0,0.0,0.0,0,0
HWMMWMJBUOCCFZ,2,1,0,0,4,4,0.25,0.25,42,0
LNHWXBUNXOXMRL,2,1,0,0,4,4,0.25,0.25,91,0
QLTCHMYAEJEXBT,3,0,0,0,0,0,0.0,0.0,16,0
YUQDHODIJULBAQ,3,0,0,0,0,0,0.0,0.0,40,0
SATGKQGFUDXGAX,1,1,0,1,1,1,1.0,1.0,92,3
BNZZZUQOYBAEPR,3,0,0,0,0,0,0.0,0.0,60,14
FPIVCKLVSVCJHW,1,1,0,0,1,1,1.0,1.0,33,0
IWHQWCUADMOONN,1,0,0,1,1,1,1.0,1.0,0,0
HRISLEUGLBNLRB,3,0,0,0,0,0,0.0,0.0,142,2
OXNYNKGAOAFFBD,1,1,0,0,1,1,1.0,1.0,40,4
AFSDNFLWKVMVRB,2,1,0,0,1,1,1.0,1.0,7,0
BGCNHXQQGSIHRP,2,1,0,0,1,1,1.0,1.0,377,2
MLTVHORGISIISB,2,1,0,0,59,60,0.0,0.0,264,1
GKLSYIMLZDYQBJ,2,1,0,0,1,1,1.0,1.0,25,11
CPHZVLHSTZSKKX,2,1,0,0,30,30,0.0,0.0,79,0
ZZDSOWSESREIGP,3,0,0,0,0,0,0.0,0.0,13,0
NBSCHQHZLSJFNQ,3,0,0,0,0,0,0.0,0.0,4,0
AUFUWRKPQLGTGF,2,1,0,0,1,1,1.0,1.0,165,0
KXUJXPZXILTXDA,1,0,0,1,3,3,0.333333,0.333333,2,0
HZXUEWPTAWEJHC,1,1,0,0,2,2,0.5,0.5,34,1
RLAKWLFUMAABBE,2,1,0,0,4,4,0.25,0.25,95,0
CMEYODOSAQTQFO,2,1,0,0,1,1,1.0,1.0,10,0
YFBPRJGDJKVWAH,3,0,0,0,0,0,0.0,0.0,6,0
VCKPUUFAIGNJHC,2,1,0,0,1,1,1.0,1.0,19,0
CMHCOGHTKXUQKW,1,1,0,0,7,18,0.142857,0.055556,61,11
MZJUGRMCXKZMOG,3,0,0,0,0,0,0.0,0.0,68,0
MQUQKIFKNUZAPC,3,0,0,0,0,0,0.0,0.0,10,0
JDTUMPKOJBQPKX,1,1,0,0,1,1,1.0,1.0,38,0
AQVOANKSGFAANH,2,1,0,0,1,1,1.0,1.0,60,0
JOLITHWHEFIGDT,2,1,1,0,2,2,0.5,0.5,47,10
YAXAQXBFDAJGGS,3,0,0,0,0,0,0.0,0.0,37,0
KISJFUMXCJBLJV,3,0,0,0,0,0,0.0,0.0,52,0
SJNRYASCJOVKHZ,3,0,0,0,0,0,0.0,0.0,34,0
ZYYNEJWFGGVJQZ,1,0,0,1,1,1,1.0,1.0,0,0
RTKIYFITIVXBLE,2,1,0,0,1,1,1.0,1.0,69,0
QPCYNIYZPDJCMB,3,0,0,0,0,0,0.0,0.0,136,0
GRZRQKSQIMICPO,2,1,1,0,1,1,1.0,1.0,6,11
BJXQFQDUJVIUAH,2,0,0,0,0,0,0.0,0.0,0,4
FYRDRWHCLLNEML,1,1,0,0,3,3,0.333333,0.333333,97,0
CBOMORHDRONZRN,3,0,1,0,0,2,0.0,0.5,356,28
MTCXQQINVAFZKW,3,0,0,0,0,0,0.0,0.0,41,0
SMLUHOHPDVBXKH,2,1,0,0,8,8,0.125,0.125,12,0
GNMSLDIYJOSUSW,2,1,1,0,1,1,1.0,1.0,25,2
UXNQBNHINOSGKB,3,0,0,0,0,0,0.0,0.0,5,0
GFQRPXMWTUUBTN,2,1,1,0,1,1,1.0,1.0,51,1
GFERNZCCTZEIET,1,1,0,0,1,1,1.0,1.0,72,0
CNDGPTOBKYTGSG,2,1,0,0,1,1,1.0,1.0,33,6
BBQOSPPWYMINSN,3,0,0,0,0,0,0.0,0.0,5,4
YQWATTVJPRZZEE,3,0,0,0,0,0,0.0,0.0,9,0
FELGMEQIXOGIFQ,3,0,0,0,0,0,0.0,0.0,24,0
GHCZAUBVMUEKKP,3,0,1,0,0,6,0.0,0.166667,34,22
XTVNYVWMSJMVGI,2,1,0,0,5,5,0.2,0.2,37,0
KGQMQNPFMOBJCY,2,1,0,0,1,3,1.0,0.333333,4,4
BDCURAWBZJMFIK,1,1,0,0,1,1,1.0,1.0,16,0
XAQHSTCVGOTLHK,3,0,0,0,0,0,0.0,0.0,95,0
WPKQVDYSPWCVGM,2,1,0,0,8,8,0.125,0.125,37,0
UQRORFVVSGFNRO,1,1,0,0,1,1,1.0,1.0,4,0
ZXBFYBLSJMEBEP,2,1,0,0,1,1,1.0,1.0,7,0
ARJXIGOIOGJAKR,2,1,1,0,1,1,1.0,1.0,6,5
OIRFJRBSRORBCM,1,1,0,0,1,1,1.0,1.0,1,0
BKUKTJSDOUXYFL,3,0,0,0,0,0,0.0,0.0,7,0
LCCNCVORNKJIRZ,3,0,0,0,0,0,0.0,0.0,3,0
KYVUMEGNMQDSHO,3,0,0,0,0,0,0.0,0.0,52,0
MBMQEIFVQACCCH,3,0,0,0,0,0,0.0,0.0,122,0
FZVOBDJBRIEKPS,1,1,0,0,2,2,0.5,0.5,7,0
ZLRHCSCBOSNBCZ,2,1,0,0,2,2,0.5,0.5,36,1
UOBGWTOQZALQPG,3,0,0,0,0,0,0.0,0.0,196,0
LWGUASZLXHYWIV,3,0,0,0,0,0,0.0,0.0,6,0
FNYLWPVRPXGIIP,2,1,0,0,4,4,0.25,0.25,10,0
ASEYQCQECHXIFA,1,1,0,0,1,3,1.0,0.333333,72,2
MPUKHERSKPLKHP,2,1,0,0,1,1,1.0,1.0,17,0
RBBVPNQTBKHOEQ,2,0,0,0,0,0,0.0,0.0,75,0
JOBMMOBXVRRLOS,3,0,0,0,0,0,0.0,0.0,10,0
MQFLXLMNOHHPTC,2,0,0,0,0,0,0.0,0.0,0,0
FNDTZZIWWYSDAH,1,1,0,0,1,1,1.0,1.0,57,0
JCUJHHAQRQYQRF,2,1,0,0,2,2,0.5,0.5,131,0
OHCQJHSOBUTRHG,3,0,0,0,0,0,0.0,0.0,341,0
NETXMUIMUZJUTB,2,1,0,0,4,4,0.25,0.25,63,0
MHGLNDDJLDJDBG,2,1,0,0,221,228,0.0,0.0,301,8
FVNFBBAOMBJTST,1,1,0,0,1,1,1.0,1.0,46,0
