query,cls,frag_collision,explanatory_collision,both_explain_nothing,score_near_tie,truth_ahead,score_gap,n_truth_frag,n_rival_frag,n_peaks_truth,n_peaks_rival,jaccard
PAHGJZDQXIOYTH,2,False,False,True,False,False,-0.17228,74,74,0,0,0.0
BAZGVDKAIHZPOH,2,False,True,False,False,True,0.31456,6,3,3,3,1.0
SIWOWUAUIFWBDY,1,False,False,False,False,True,6.55485,130,75,5,4,0.8
AUAXNNILRNCQAX,2,True,True,False,False,False,-2.3926,15,15,8,8,1.0
BOJKULTULYSRAS,2,False,False,True,False,False,-2.53891,24,13,0,0,0.0
CYIDZMCFTVVTJO,3,True,True,False,False,True,0.11173,9,9,1,1,1.0
XOJDXSDPICSSTA,3,False,False,True,False,False,-0.14652,0,0,0,0,0.0
MNVGUNLOWKLLFC,1,False,True,False,False,False,-0.78667,79,79,1,1,1.0
BJNRRZFZTVYOOW,2,False,True,False,False,False,-0.20017,63,55,2,2,1.0
OLBCVFGFOZPWHH,1,False,False,False,False,True,3.06672,13,27,2,6,0.3333
VLUYADZBWJUSNX,2,False,False,False,False,True,0.05608,333,332,16,15,0.9375
RXWNCPJZOCPEPQ,1,False,False,True,False,False,-0.62747,89,90,0,0,0.0
ZJBMQVPEJHVSQA,2,True,False,True,False,True,0.92902,52,52,0,0,0.0
IERFAZQCIAZODG,1,False,False,True,False,True,2.08717,41,35,0,0,0.0
UDXANBFMQUOKTQ,2,False,False,False,False,False,-0.17117,31,41,3,4,0.75
IZFGRAGOVZCUFB,2,False,False,True,False,False,-2.14488,80,69,0,0,0.0
XIGAUIHYSDTJHW,2,False,False,False,False,True,3.66453,28,15,1,1,0.0
XNRGJMFNTYWHNR,2,False,False,False,False,True,8.79855,48,50,2,4,0.5
PTIDGSWTMLSGAH,2,False,False,False,False,False,-2.28451,9,37,4,2,0.5
TZDVTFYLQHHLND,2,False,True,False,False,True,0.76878,77,73,3,3,1.0
DQOWHTFHFLRPDX,2,False,False,False,False,False,-1.51126,61,106,0,5,0.0
NXJYJHDDQUZYBZ,2,False,False,True,False,True,0.1831,81,48,0,0,0.0
ORJDDOBAOGKRJV,2,False,False,False,False,False,-3.18352,15,29,2,4,0.5
HZDFZQGZGNKKNH,2,False,False,True,False,False,-1.12483,47,43,0,0,0.0
RLZIADDATOMNNY,2,False,False,True,False,False,-0.66062,36,34,0,0,0.0
DORPKYRPJIIARM,1,False,True,False,False,True,0.93476,55,52,4,4,1.0
NPNNKDMSXVRADT,1,True,True,False,False,True,1.37559,59,59,14,14,1.0
AHANXAKGNAKFSK,2,False,True,False,False,False,-1.07737,93,81,16,16,1.0
DEZCXDHAJMKBQF,2,False,False,False,False,False,-2.61915,16,19,3,4,0.75
ANODJSBBJYGIOF,2,False,False,False,False,True,3.037,57,90,5,10,0.1538
KQMOCRHUOQQSTB,3,False,False,True,False,False,-0.14652,0,0,0,0,0.0
QGNRETMYLHRUBB,2,False,True,False,False,True,5.70913,27,35,1,1,1.0
XEQQGHISHUGMIP,2,False,True,False,True,False,-0.0078,244,241,3,3,1.0
PTTJLTMUKRRHAT,2,False,False,True,False,False,-0.15048,22,62,0,0,0.0
NYTZRFVFIRTFIX,2,True,False,True,False,False,-1.05709,38,38,0,0,0.0
NWTGGTMLVAWUHF,3,False,False,True,False,True,0.14384,0,0,0,0,0.0
LOSIPCYWORXTAW,2,False,False,False,False,False,-1.17557,75,34,1,0,0.0
BDCDNTVZSILEOY,1,False,False,True,False,True,2.43737,26,19,0,0,0.0
UDMLVGSGFGXFEF,2,True,True,False,False,False,-2.13028,21,21,7,7,1.0
SYKWLIJQEHRDNH,2,False,False,True,False,False,-0.04477,402,403,0,0,0.0
MIROITGPMGDCGI,2,False,False,True,False,False,-0.49013,31,30,0,0,0.0
RHDRMOUSDQDVCE,2,False,False,True,False,True,1.25593,63,65,0,0,0.0
GIIZNNXWQWCKIB,1,False,False,False,False,True,7.15118,97,19,1,0,0.0
AFTBPUXZTDLRSP,2,False,True,False,False,False,-0.18021,65,55,1,1,1.0
SJVQHLPISAIATJ,2,False,False,False,False,True,3.58454,28,48,2,10,0.2
FTAGQROYQYQRHF,1,False,True,False,False,True,2.65903,95,100,6,6,1.0
BIGUPJIJZYZJMV,2,False,False,False,False,False,-2.58887,15,33,7,4,0.5714
GPWHCUUIQMGELX,2,False,True,False,False,True,0.53528,51,73,2,2,1.0
YCWSUKQGVSGXJO,2,False,False,False,False,True,4.9325,36,37,11,3,0.2727
MOBUVCKLGDJANF,2,True,True,False,False,False,-0.67942,41,41,3,3,1.0
VOBCHHSFSHYHIA,2,False,False,False,False,True,12.33602,80,48,6,3,0.5
OFQKTZRDRXZBON,1,False,False,False,False,True,8.75311,23,4,8,6,0.75
FPVGOYVYIRGMQO,2,False,False,True,False,False,-3.61712,0,0,0,0,0.0
ARHMXGGUMSXGFS,1,False,True,False,False,True,2.27616,22,28,2,2,1.0
WOPYGCANEAIOEM,2,True,True,False,False,False,-0.6723,8,8,3,3,1.0
OJYLAHXKWMRDGS,1,True,True,False,False,True,0.92936,30,30,1,1,1.0
BQHHNAPTXQOPBW,2,False,True,False,False,False,-4.00767,59,101,6,6,1.0
BHSDLJXQKBYFNH,2,False,False,False,False,True,0.12391,30,28,0,1,0.0
GWTQDEWQHCDBEI,2,True,True,False,False,False,-0.10779,75,75,9,9,1.0
XGCUCFKWVIWWNW,2,False,False,False,False,False,-1.00238,25,28,2,2,0.3333
ZOJAINJCZSVZGW,2,False,True,False,False,False,-5.31058,3,4,2,2,1.0
KQDRVXQXKZXMHP,2,False,False,False,False,True,5.2791,41,16,4,3,0.0
OMPFZUXZCIVLSI,1,False,True,False,False,True,3.04133,38,51,2,2,1.0
BITHHVVYSMSWAG,2,False,True,False,False,False,-0.51123,83,93,3,3,1.0
FYDVPEVHFUBOJG,1,False,False,True,False,True,3.49505,15,13,0,0,0.0
UGJMXCAKCUNAIE,2,True,True,False,False,False,-0.04379,19,19,3,3,1.0
BYHVZDRLSCCTND,2,False,False,False,True,False,-0.0189,20,19,2,0,0.0
ANDGGVOPIJEHOF,2,False,True,False,False,True,4.98226,6,4,8,8,1.0
JPKVDETWOQEHQO,2,False,False,True,True,False,0.0,53,53,0,0,0.0
DXJGGEVMIZJZLN,2,False,True,False,False,True,4.00398,100,8,1,1,1.0
WRHWVCAYGJOCSG,2,True,True,False,False,False,-0.7767,26,26,9,9,1.0
FJKRCBVJIUJMSB,1,False,False,False,False,True,3.82576,34,39,2,2,0.3333
NVEPPWDVLBMNMB,2,False,False,False,False,False,-0.60363,13,11,6,3,0.5
PTVXQARCLQPGIR,1,False,False,True,False,True,4.57952,18,19,0,0,0.0
MHJKBJNQJSWYKS,2,False,False,True,False,False,-0.42201,0,0,0,0,0.0
GCKMFJBGXUYNAG,2,True,True,False,False,False,-0.78276,7,7,2,2,1.0
OGNQOWNBNTWYJN,2,False,False,False,False,True,2.96163,33,40,4,6,0.6667
IQZWKGWOBPJWMX,2,False,True,False,False,False,-2.94471,23,23,4,4,1.0
BNQSTAOJRULKNX,2,False,False,False,False,True,3.5274,36,28,5,4,0.5
UJSHBYQGQRPVNO,2,False,True,False,False,False,-2.04701,7,27,3,3,1.0
RTZKSTLPRTWFEV,2,True,True,False,False,True,0.60917,9,9,1,1,1.0
OUDSBRTVNLOZBN,2,False,True,False,False,True,8.42511,26,28,2,2,1.0
LJGOHKSMJNTMAH,2,False,False,False,False,False,-1.66926,90,110,9,10,0.9
ZCCLDKGWJIREQF,1,False,True,False,False,False,-0.74177,125,131,20,20,1.0
MKMZAENVDZADSW,1,False,True,False,False,True,3.37344,10,15,1,1,1.0
QTEHGUUSIIWOOW,2,False,False,False,False,False,-2.01212,152,119,7,5,0.7143
IZCOBQSZMYGEDP,2,False,False,False,False,False,-3.68589,47,62,13,16,0.6111
LZMOSYUFVYJEPY,2,False,True,False,False,True,0.14591,13,10,7,7,1.0
XZFUGMCJZFRBKF,1,False,False,False,False,True,16.01586,171,79,9,2,0.2222
JTJJJLSLKZFEPJ,2,True,True,False,False,True,0.0577,32,32,3,3,1.0
UBQNRHZMVUUOMG,1,False,False,False,False,True,6.96889,10,26,1,3,0.3333
HETZRHDDRHBPKX,2,False,True,False,False,False,-1.72125,13,19,5,5,1.0
KOTBWDXNYNTNIY,2,True,True,False,True,False,-0.00023,70,70,9,9,1.0
YJUGKYOFRZOMIJ,2,False,False,True,False,True,2.13584,64,20,0,0,0.0
YEXVXKIMPBHRQR,3,False,True,False,False,False,-5.92465,8,13,3,3,1.0
RFILOXFULBNPOU,2,False,False,False,False,True,1.07363,43,50,9,12,0.75
PBYPZVMETKFGQR,1,False,False,True,False,True,13.33486,51,146,0,0,0.0
JZUFKLXOESDKRF,2,False,True,False,False,True,4.97545,10,18,7,7,1.0
RCMABBHQYMBYKV,2,False,False,False,False,False,-3.76288,75,117,8,15,0.3529
CAHQQYHQUHYOGU,1,True,True,False,False,True,0.0949,4,4,1,1,1.0
AGRZUANLVXMRCO,2,False,False,True,False,True,1.82085,0,0,0,0,0.0
NLLJGJGLOHFJMI,1,False,False,True,False,True,1.08857,28,30,0,0,0.0
MVTLXFDHKDVAIC,1,False,False,False,False,True,0.47664,60,54,12,11,0.9167
GCXASLJTVIGYQE,2,False,False,True,True,False,-0.01776,0,0,0,0,0.0
QYTBBBAHNIWFOD,1,False,False,False,False,True,9.19085,54,70,11,13,0.7143
RWEVZSYWIIZZFV,2,False,False,True,False,False,-2.82845,54,61,0,0,0.0
QZYSUBAQYSVFNX,1,False,False,False,False,False,-1.47972,61,65,2,1,0.5
HXKQKEQCNBMZJW,2,False,False,False,False,True,3.17431,46,99,4,3,0.4
CMHHMUWAYWTMGS,2,False,False,False,False,True,1.85534,75,67,20,11,0.55
RDNRIBOBEOTFJG,2,False,False,False,False,True,1.60923,24,19,6,5,0.8333
GAZDXIGXYWVWQX,2,False,True,False,False,False,-1.07131,64,45,1,1,1.0
UBAJTZKNDCEGKL,2,False,False,False,False,True,8.89645,19,51,3,10,0.1818
PAJMKGZZBBTTOY,2,False,False,False,False,False,-3.52759,72,31,8,1,0.125
SRGRIOXSONGZCM,2,False,True,False,False,False,-0.15823,12,17,2,2,1.0
LTFMZDNNPPEQNG,2,False,True,False,False,True,1.28472,32,32,1,1,1.0
DMDBJWPXOHROAS,2,False,False,True,False,False,-0.77201,7,28,0,0,0.0
NGSWKAQJJWESNS,2,True,True,False,False,False,-2.89897,13,13,3,3,1.0
WIKNHJPJHDNAME,1,False,False,False,False,True,1.54448,98,52,5,0,0.0
RIHQHYIWKHVLRH,1,False,True,False,False,True,2.99319,14,18,3,3,1.0
MFYSUUPKMDJYPF,1,False,False,False,False,True,7.30593,55,45,3,6,0.5
BSXFDHHTXOAUGB,2,False,True,False,False,False,-5.14375,21,22,2,2,1.0
UTOPWMOLSKOLTQ,1,False,False,True,False,True,1.03743,110,115,0,0,0.0
JAAFNWYGLROOGI,2,False,False,False,False,False,-6.0686,23,25,4,2,0.5
RIRGCFBBHQEQQH,2,False,False,False,False,True,3.45788,45,50,11,7,0.2857
FZAVQTYIBVEBHF,2,False,False,True,False,True,0.39,0,0,0,0,0.0
OBMNJSNZOWALQB,2,False,False,True,False,True,3.08783,76,93,0,0,0.0
DAXZWJMEKUNRCD,2,False,False,False,False,False,-1.63665,88,53,1,0,0.0
NCXYJHRCPJFINE,1,False,False,False,False,True,0.14464,45,56,11,7,0.6364
DLRVVLDZNNYCBX,2,False,False,False,False,False,-1.19381,19,46,1,2,0.5
SHIZRFSRTKXRQL,1,False,False,True,False,False,-0.78001,0,0,0,0,0.0
XWMNRKXRGYSMGY,2,False,False,False,False,True,8.88485,357,216,19,8,0.2273
XQUDPNNCEUPWIL,2,False,False,False,False,True,1.06278,62,27,1,1,0.0
PXMJCECEFTYEKE,2,False,False,False,False,True,0.4923,42,72,5,7,0.2
ZXONBNBMIDUHPG,2,False,False,False,False,False,-0.67209,132,81,3,0,0.0
UXUFMIJZNYXWDX,1,True,True,False,False,True,1.37207,35,35,2,2,1.0
OCLJUQSRRLIINU,2,False,True,False,False,True,0.0663,81,86,11,11,1.0
PRGILOMAMBLWNG,2,True,True,False,False,False,-1.50708,26,26,2,2,1.0
DIBVDMNGVYXRJK,2,False,False,False,False,True,7.55513,31,36,3,1,0.3333
VPAOSFFTKWUGAD,1,True,True,False,False,True,4.33272,17,17,1,1,1.0
NTHPAPBPFQJABD,1,False,True,False,False,True,7.54919,10,25,1,1,1.0
SCYCMFQAMTUOEU,2,False,False,False,False,True,2.15356,59,31,2,6,0.0
VUEOHJNEHXJLDD,1,True,True,False,False,True,1.59048,42,42,2,2,1.0
PATJZXBBUQEFOY,2,True,True,False,False,True,0.37456,73,73,9,9,1.0
LSNWBKACGXCGAJ,1,False,False,True,False,True,14.50843,66,21,0,0,0.0
WSMQBJMPWPNLTJ,2,True,True,False,False,False,-1.9225,51,51,3,3,1.0
CZLWGXKWXLVFJU,2,False,True,False,False,False,-2.8445,13,10,9,9,1.0
QYGUYHZAAVMQBV,2,False,False,False,False,False,-0.18762,15,55,0,3,0.0
ARBHXJXXVVHMET,2,False,False,True,False,True,0.10323,33,41,0,0,0.0
KSGXQBZTULBEEQ,2,False,False,False,False,True,1.05086,211,206,14,5,0.3571
SWYCMJAKZYLTJN,2,False,False,True,False,False,-0.37759,0,0,0,0,0.0
CBFCUSQKTDQXKC,2,False,False,False,False,True,9.61555,36,43,3,1,0.3333
XTKVNQKOTKPCKM,2,False,True,False,False,False,-0.92324,26,25,4,4,1.0
CUAPOUHDJKWLOB,1,False,True,False,False,True,1.22019,14,35,2,2,1.0
DCFDRCCHOOORSB,2,False,True,False,False,False,-6.87838,11,7,4,4,1.0
VDNBKSIMLSGEHD,2,False,False,False,False,False,-1.07664,88,48,9,2,0.0
BVIXPBFQDINHQZ,3,False,False,False,False,False,-1.68319,99,110,7,5,0.7143
OLCVEOSSVCAFGR,1,True,False,True,False,True,0.43533,32,32,0,0,0.0
URGMNEBQCDTMGX,2,False,True,False,False,True,6.46357,53,49,3,3,1.0
PKEGICXVZMKJPR,2,False,False,True,False,False,-0.32194,20,49,0,0,0.0
XJHDMGJURBVLLE,1,True,True,False,False,True,0.33012,4,4,2,2,1.0
FENDTMDXZKLLQD,2,False,False,False,False,False,-0.27062,35,66,4,7,0.5714
KAJXOWFGKYKMMZ,2,False,True,False,False,False,-4.31601,1,16,5,5,1.0
ZVXYGPURDSESHS,1,False,False,False,False,True,9.77239,102,119,12,6,0.125
KZTNBUSIRSVZGK,2,False,False,True,False,True,9.01305,40,51,0,0,0.0
LLEMSCWAKNQHHA,2,False,False,False,False,False,-2.63215,65,74,3,2,0.6667
VJYFKVYYMZPMAB,2,False,False,False,False,True,2.16785,31,37,1,0,0.0
WNANPKYNOALKIV,3,False,True,False,False,True,0.28772,23,28,2,2,1.0
YIGARKIIFOHVPF,2,False,True,False,False,False,-0.07151,61,65,2,2,1.0
KQBFNIVRWYGXRN,2,False,True,False,False,False,-2.8254,68,89,4,4,1.0
CBTFERBMQQAROP,2,False,False,False,False,False,-3.73964,26,26,11,17,0.6471
QZGXXZPRJHSVTD,1,True,True,False,False,True,1.34183,13,13,6,6,1.0
CANZBRDGRHNSGZ,2,False,False,False,False,False,-4.22225,52,52,1,3,0.3333
ICJJPTZLMALYBH,2,False,False,False,False,False,-0.10463,40,40,2,0,0.0
QGFJORGLNPWXMK,1,False,False,False,False,True,0.09303,26,21,4,3,0.75
SDKQRNRRDYRQKY,2,False,True,False,False,True,0.64754,21,36,3,3,1.0
IJOCZMKYIFYFQK,1,True,False,True,False,True,0.74459,25,25,0,0,0.0
GJSLOMWRLALDCT,2,False,False,False,False,True,1.27242,22,46,0,2,0.0
FYWCDZKQBWSMDD,3,False,False,False,False,False,-1.67004,54,64,1,0,0.0
YYJRAGPDSYXARF,2,False,True,False,False,True,0.34775,84,59,1,1,1.0
NGROIZSHBGXMTB,3,False,False,True,False,False,-0.75638,65,88,0,0,0.0
PBOSTUDLECTMNL,2,False,False,True,False,False,-8.84655,65,54,0,0,0.0
ULGNGSQNNMKROG,2,False,False,False,True,True,0.01578,62,58,7,0,0.0
WJJBQRNAMWKGNO,2,False,False,True,False,False,-1.48552,13,29,0,0,0.0
OEZJTMNFEIOILN,2,False,False,True,False,False,-0.41571,79,79,0,0,0.0
VGJOYFZLAIERID,2,False,False,True,False,False,-0.34658,61,28,0,0,0.0
PTDAHAWQAGSZDD,2,False,False,True,False,True,0.14652,0,0,0,0,0.0
NHAFYGMKGLAVPH,3,False,False,True,False,False,-1.74949,0,0,0,0,0.0
CABVTRNMFUVUDM,2,False,True,False,False,True,0.14202,422,427,23,23,1.0
PYVRVRFVLRNJLY,2,False,False,False,False,False,-1.61583,233,236,18,14,0.7778
NMOVJBAGBXIKCG,2,False,False,False,False,True,0.28735,42,40,4,1,0.25
NIOKCFABUMZUDL,1,False,False,False,False,True,2.05778,104,113,6,8,0.4
UMJHTFHIQDEGKB,1,False,False,False,False,True,9.26121,50,55,7,8,0.6667
CFDIWPPOFAWCOJ,2,False,False,True,False,False,-0.44876,0,0,0,0,0.0
INHVGPIPHZJQOP,2,False,False,False,False,False,-1.61509,37,36,5,17,0.2222
AOCHUNQIEDKKDL,2,True,True,False,False,False,-1.0465,42,42,2,2,1.0
JOWXJLIFIIOYMS,2,False,False,False,False,True,8.76258,71,39,15,6,0.4
FNOWZTMNFWPNII,1,False,True,False,False,True,6.78572,50,48,2,2,1.0
XGDZEDRBLVIUMX,2,False,False,False,False,False,-0.36234,21,21,3,5,0.6
HNXQXTQTPAJEJL,2,False,True,False,False,False,-0.71984,3,28,3,3,1.0
BTLGECQNWBWUCT,2,False,False,False,False,True,3.89757,38,45,1,3,0.3333
BIXZHMJUSMUDOQ,2,False,False,False,False,True,6.20796,16,11,4,0,0.0
UNAWQKTWGFQKSW,2,False,True,False,False,False,-6.06791,36,59,1,1,1.0
AKGUUTOJDVYTKL,2,False,True,False,False,False,-0.6564,75,65,10,10,1.0
MZIBEZJUHBXEJQ,1,False,True,False,False,False,-0.54699,83,83,1,1,1.0
JQUHMSXLZZWRHU,2,True,False,True,False,True,0.24242,24,24,0,0,0.0
ODNMTIVRLHXQTE,2,False,False,False,False,False,-1.92666,8,23,2,3,0.6667
ZXGWUCRPMYBWGO,2,False,True,False,False,False,-0.14314,77,83,6,6,1.0
OMGUWQWBDLPKCU,1,False,False,True,False,False,-0.45227,0,0,0,0,0.0
BGOFCVIGEYGEOF,2,True,True,False,False,False,-2.47389,23,23,2,2,1.0
KLMHYCKSMUAZFP,1,False,False,True,False,True,2.71467,33,34,0,0,0.0
KKOLMSSIDZXPLS,2,False,False,False,False,False,-1.34331,51,51,3,1,0.3333
MBTAFMZUDOUGPS,2,False,False,False,False,True,0.05716,13,15,16,10,0.625
HXYVTAGFYLMHSO,2,False,False,False,False,False,-0.90507,88,102,10,10,0.8182
ADPAPZVYVYEBGS,1,False,False,True,False,False,-0.76236,214,214,0,0,0.0
UXYRZJKIQKRJCF,2,False,False,True,False,False,-3.58759,7,8,0,0,0.0
DKEXFJVMVGETOO,2,False,True,False,False,False,-1.37985,52,53,4,4,1.0
NORHBOUZICGKOK,3,False,True,False,False,False,-0.14652,47,47,10,10,1.0
VEYNISLTHXQSGU,2,False,False,False,False,True,3.7257,38,45,8,8,0.3333
BXPINNBJLNOEOY,2,False,True,False,False,False,-0.16449,93,88,3,3,1.0
AJMZUFBKADIAKC,2,False,True,False,True,False,-0.00237,313,312,17,17,1.0
WDKOBPGTYYAAKJ,1,False,False,False,False,True,6.45024,48,49,14,10,0.4118
DYNHJHQFHQTFTP,2,False,True,False,False,True,1.74289,36,41,1,1,1.0
SAMXBYLRDCRTCV,2,False,False,False,False,True,2.92403,90,72,1,0,0.0
WPZBPGLDPHSUSA,2,False,False,True,False,False,-0.23242,59,59,0,0,0.0
IEZRNEGTKRQRFV,2,False,True,False,False,True,0.46287,246,246,5,5,1.0
YLILOANQCQKPOD,2,False,False,True,False,False,-1.55146,8,12,0,0,0.0
POQICXMTUPVZMX,2,False,True,False,False,True,1.40075,26,19,11,11,1.0
PHLXREOMFNVWOH,2,False,False,True,False,False,-0.34637,49,26,0,0,0.0
PWAOOJDMFUQOKB,3,False,False,True,False,False,-2.51312,0,0,0,0,0.0
NXJLRTWACLZUAZ,2,True,False,True,False,False,-0.42401,58,58,0,0,0.0
VCCNKWWXYVWTLT,2,False,True,False,False,False,-0.67917,56,60,4,4,1.0
LRHVZVQHYQOHJX,2,False,True,False,True,False,-0.01105,364,359,27,27,1.0
OBTRHSACGAHRDM,2,False,False,False,False,False,-2.23871,39,51,7,7,0.4
ONLMUMPTRGEPCH,2,False,True,False,False,True,0.21838,122,121,8,8,1.0
XOXYHGOIRWABTC,2,True,True,False,False,False,-1.79237,11,11,1,1,1.0
IQHUITKNHOKGFC,1,False,True,False,False,True,3.15233,69,66,10,10,1.0
PCMUPOUDXMFDRE,2,False,True,False,False,True,0.89123,33,52,2,2,1.0
VTYFITADLSVOAS,2,False,False,False,False,False,-4.70251,63,42,3,1,0.3333
LHZZULHOQSQSJN,2,False,False,True,False,False,-1.56029,48,40,0,0,0.0
SUSIMFZQHRKHPM,2,False,False,True,True,False,0.0,0,0,0,0,0.0
MFOUDYKPLGXPGO,2,False,False,False,False,True,5.79856,29,15,4,2,0.5
MRMHZWKIOFZZID,2,True,False,True,False,False,-1.47859,27,27,0,0,0.0
RPAVTHDZANYLNL,2,False,True,False,False,True,5.39663,33,31,2,2,1.0
BJGUEPXNQKBVBW,2,False,True,False,False,True,1.06815,31,33,2,2,1.0
ITRJWOMZKQRYTA,1,False,True,False,False,True,2.64523,31,32,2,2,1.0
BQKXJCBALVIMOT,2,False,False,False,False,False,-2.25525,6,27,0,1,0.0
KWAMQJKXYGOFSY,2,False,False,False,False,True,0.69542,80,81,9,7,0.7778
YMDDELUTDBQEMT,1,False,True,False,False,False,-0.59811,103,108,1,1,1.0
IBXCKSUZOFKGSB,1,True,True,False,False,True,1.24917,22,22,15,15,1.0
DJSISFGPUUYILV,1,True,True,False,False,True,2.15556,26,26,3,3,1.0
CUDVHEFYRIWYQD,2,False,False,False,False,True,3.34597,67,42,10,0,0.0
OZKVQSNRAFPWMK,2,False,True,False,False,True,0.69427,119,107,4,4,1.0
SOLIIYNRSAWTSQ,1,False,True,False,False,True,13.21525,35,24,4,4,1.0
RJWJHRPNHPHBRN,2,False,False,False,False,False,-1.80792,22,26,1,0,0.0
PSZDOEIIIJFCFE,2,False,False,True,False,False,-4.23887,13,7,0,0,0.0
QZKUNAATQJYHIC,2,False,True,False,False,True,0.09543,18,10,13,13,1.0
WXZVAROIGSFCFJ,1,False,False,False,False,True,8.93734,33,49,15,3,0.0588
DIJBBUIOWGGQOP,1,False,True,False,False,True,8.16894,23,108,5,5,1.0
SNXPWYFWAZVIAU,2,False,True,False,False,False,-0.94196,100,99,4,4,1.0
HXQHFNIKBKZGRP,1,False,False,False,False,False,-0.94868,70,79,15,19,0.619
XAPCMTMQBXLDBB,2,False,False,True,False,False,-3.71085,37,14,0,0,0.0
AJVSQVXQCTVFFY,2,True,True,False,False,False,-0.78781,51,51,16,16,1.0
JKYJSFISYHSNOE,2,False,False,False,False,True,1.97199,98,130,4,5,0.0
ILQLITDRYFHAGM,2,False,False,True,False,False,-3.04993,20,19,0,0,0.0
YSGQGNQWBLYHPE,2,True,True,False,False,False,-2.86605,7,7,1,1,1.0
LFHNVTKRYWORIP,2,False,True,False,False,False,-2.45257,26,22,1,1,1.0
IKACRWYHQXOSGM,2,False,False,False,False,True,0.83343,59,69,5,12,0.2143
XJLATMLVMSFZBN,2,False,False,False,False,True,1.68882,128,37,7,1,0.1429
UPTYCYWTFGTCCG,2,False,False,False,False,True,10.58043,6,17,11,10,0.2353
WYDUSKDSKCASEF,1,False,False,False,False,False,-0.66927,27,27,14,5,0.3571
WBIQYHZEYQDKCL,2,True,True,False,False,True,0.06111,24,24,17,17,1.0
WZWIOTYITIUOCJ,2,False,False,True,True,False,0.0,0,0,0,0,0.0
AVFIYMSJDDGDBQ,2,False,False,True,False,False,-5.21162,18,4,0,0,0.0
NQGSPODDMCKPBZ,2,False,False,False,False,False,-3.48778,13,8,8,4,0.5
ZUKWGQJERAFPPP,2,False,False,False,False,True,0.19187,83,82,7,8,0.875
BUQQDANPHQFSEK,3,False,True,False,False,False,-1.66961,45,56,2,2,1.0
DYUGTPXLDJQBRB,2,False,True,False,False,True,8.18523,89,99,1,1,1.0
DFGYGTWTXGTQIC,2,True,True,False,False,False,-0.31185,50,50,3,3,1.0
IRIKOFVOCRZPKL,1,False,True,False,False,True,4.64605,21,22,1,1,1.0
MSWRFBPAGLGJCX,2,False,False,False,False,True,1.25573,189,189,14,12,0.8571
HPHXOIULGYVAKW,2,False,True,False,False,False,-2.2951,19,22,3,3,1.0
AJFWREUFUPEYII,2,False,True,False,True,False,0.0,79,79,6,6,1.0
URBFANMWRODMRT,1,False,False,False,False,True,14.65599,144,31,8,1,0.0
OFVLGDICTFRJMM,2,True,True,False,False,False,-0.60572,24,24,2,2,1.0
ZBBZROWQLKCFQK,2,False,False,False,False,False,-3.47091,53,28,0,1,0.0
HCYAFALTSJYZDH,1,False,False,False,False,True,10.64485,18,11,3,3,0.5
XHCADAYNFIFUHF,3,True,True,False,False,False,-0.17118,19,19,3,3,1.0
OOADLWBTJWWEHC,2,False,True,False,False,False,-1.52376,75,78,1,1,1.0
BJMXBTRNBWZGEQ,2,False,False,False,False,False,-0.52361,236,254,2,3,0.25
COUKTHZXLGYKPK,3,False,True,False,False,False,-1.82732,28,35,3,3,1.0
AZIUYJPOBCMPON,3,False,False,True,False,True,1.25871,3,17,0,0,0.0
HPFXACZRFJDURI,2,False,True,False,False,True,6.8233,115,129,16,16,1.0
FJQKXKNZQQBTDD,2,False,False,True,False,False,-0.24933,65,73,0,0,0.0
DTPCFIHYWYONMD,2,False,False,True,False,True,1.38836,78,188,0,0,0.0
NTBBASCGALPTDC,2,False,False,False,False,False,-0.31206,235,226,13,14,0.9286
OBBKIKZFVSBXJQ,1,True,False,True,False,True,0.59757,36,36,0,0,0.0
CTXHTRWRNKBGGX,1,True,True,False,False,True,1.69626,22,22,2,2,1.0
GCCFMSAXQJECNH,1,False,True,False,False,True,6.29111,93,104,16,16,1.0
GUHPRPJDBZHYCJ,1,False,False,False,False,True,7.59374,26,26,7,11,0.3846
IDRHDKGNUNKODU,2,False,False,False,False,True,7.83295,21,10,2,1,0.5
DQJKVVGTJNBSOS,2,False,True,False,False,False,-2.88536,115,114,3,3,1.0
APTOFTJOCNPNQP,1,False,True,False,False,False,-1.00276,77,77,6,6,1.0
MOALQBYBRKKDEH,2,False,False,True,True,False,0.0,0,0,0,0,0.0
IXIMDUAPYHOVHL,1,False,True,False,False,True,2.94001,20,20,6,6,1.0
BPZZWRPHVVDAPT,1,False,False,False,False,True,0.40098,81,77,1,2,0.5
SZMJVTADHFNAIS,1,False,False,True,False,True,8.89353,61,35,0,0,0.0
FXOBIDROVMXPBW,2,True,False,True,False,False,-2.3647,7,7,0,0,0.0
DMTIGERKTROHBA,2,False,False,False,False,False,-0.34142,36,77,2,6,0.3333
CNEAFYADRZPYEP,2,False,False,False,False,False,-6.27634,13,81,0,3,0.0
ZQDWXGKKHFNSQK,1,False,False,False,False,True,11.74222,58,80,5,8,0.3
SWLNXMJZQXZBCB,2,False,False,False,False,True,2.51747,172,123,7,1,0.1429
CECREIRZLPLYDM,1,False,True,False,False,True,1.64921,31,28,5,5,1.0
PJWYFLXQADFKOL,1,False,False,False,False,True,5.37486,57,60,2,3,0.6667
MHJBZVSGOZTKRH,3,True,True,False,True,False,0.0,66,66,6,6,1.0
CAMYXILYLXYDFE,1,True,True,False,False,True,0.14427,34,34,1,1,1.0
ZGLXUQQMLLIKAN,3,True,True,False,False,True,0.74902,13,13,1,1,1.0
LKVIDBLGZHMPCV,2,True,True,False,False,False,-0.25356,59,59,1,1,1.0
YYVYAPXYZVYDHN,2,True,False,True,False,False,-0.04376,1,1,0,0,0.0
RVXFSLZMZOFGEQ,2,False,False,True,True,False,0.0,0,0,0,0,0.0
RMPRESDCJMOAHW,2,True,True,False,False,False,-0.98675,15,15,6,6,1.0
SECPZKHBENQXJG,1,False,False,False,False,False,-1.02002,65,64,22,18,0.8182
MRHAPHFJBAUDTR,2,False,True,False,False,False,-0.39165,35,37,4,4,1.0
BJVAIYSAEBZQNS,2,False,False,False,False,True,3.09371,74,85,3,1,0.3333
ZRBFCAALKKNCJG,1,False,False,True,False,False,-0.14652,0,0,0,0,0.0
TXFYYWHRTDECTR,2,True,True,False,False,False,-2.51014,7,7,2,2,1.0
XIRNKXNNONJFQO,3,False,True,False,False,False,-0.80367,80,70,4,4,1.0
GZGZWZVAJDFXJK,2,False,False,False,False,False,-1.73699,13,20,2,4,0.5
JQKLZAQSMGFZSI,2,False,False,True,False,True,0.94937,43,45,0,0,0.0
DTDADHMBRZKXSC,1,False,False,False,False,False,-3.51455,15,64,0,6,0.0
DMVOXQPQNTYEKQ,2,True,True,False,False,False,-3.67071,6,6,4,4,1.0
PTKSEFOSCHHMPD,2,False,False,False,False,False,-0.47596,54,55,1,1,0.0
LZMRDTLRSDRUSU,2,False,False,False,False,False,-5.61797,10,26,4,6,0.6667
NGBFQHCMQULJNZ,3,False,False,False,False,True,4.76697,48,51,1,1,0.0
FELGMEQIXOGIFQ,1,False,False,True,False,True,6.07302,13,10,0,0,0.0
QMGGMESMCJCABO,2,False,True,False,False,False,-2.06475,3,3,7,7,1.0
KDFQABSFVYLGPM,1,False,False,False,False,True,9.89623,31,41,0,1,0.0
BRXNFHGWRDJMSF,2,True,True,False,False,False,-0.08062,94,94,10,10,1.0
ARJHYIXJSHLFBK,2,False,True,False,False,False,-2.1961,58,63,6,6,1.0
LYGRISUQIZNHGM,2,False,False,False,False,True,0.46333,35,32,7,6,0.8571
PCUOEOPTDCUNQQ,2,False,False,False,False,False,-2.11846,46,48,6,7,0.8571
HQVOPXGNHGTKOD,1,False,False,False,False,False,-0.13426,15,6,2,1,0.5
UIHPNZDZCOEZEN,3,False,False,False,False,False,-2.32794,41,41,5,5,0.6667
IRVWPZRYDQROLU,3,False,True,False,False,False,-0.45471,18,20,4,4,1.0
ABEPLDYBWOKMCT,2,False,False,True,False,False,-1.02071,82,92,0,0,0.0
NHNODHRSCRALBF,1,False,True,False,False,True,1.19013,368,384,7,7,1.0
VVDZZNWYISOIDK,1,False,True,False,False,False,-0.46851,45,44,8,8,1.0
WEJYNZVGAGTAKE,2,False,False,False,False,True,3.74905,11,47,4,5,0.8
QIEPESYLHXEYLK,2,False,False,True,False,True,1.9916,53,22,0,0,0.0
OKRNDQLCMXUCGG,2,True,True,False,False,False,-2.89277,8,8,5,5,1.0
DPBYCORQBMMFJZ,2,False,False,False,False,False,-1.14674,8,21,1,4,0.25
APGIPIWYVRPJKL,2,False,False,False,False,True,8.19303,55,29,8,1,0.0
UORGKBIHVJEQBO,1,True,True,False,False,True,0.48865,36,36,6,6,1.0
KLFIUQCKSSAFFU,1,False,True,False,False,True,1.34206,83,85,12,12,1.0
XNPVHIQPSAZTLC,2,True,True,False,False,False,-0.31289,19,19,1,1,1.0
LEHOTFFKMJEONL,1,True,True,False,False,True,7.24871,1,1,2,2,1.0
JWFCDGLPKVNFEN,2,True,True,False,False,False,-1.64335,37,37,1,1,1.0
FZTCTTODSSJQQB,2,False,False,False,False,True,3.29912,329,46,12,4,0.2308
APZYKUZPJCQGPP,2,False,False,False,False,False,-4.8405,22,36,3,7,0.4286
LBQUZEGPLOWJBH,1,False,False,False,False,True,5.13188,69,55,1,1,0.0
LZGVQJDYLAUCGI,2,False,True,False,False,False,-2.03549,44,46,5,5,1.0
PKZLCDIEFSFXDK,3,False,False,True,False,True,0.25736,0,0,0,0,0.0
ZFHBPZHOLGMDMW,2,True,False,True,False,False,-3.10787,34,34,0,0,0.0
JLDQDLKBBDQYDE,2,False,False,True,True,True,0.00699,63,67,0,0,0.0
TXEAVXYHQMQTHQ,2,True,False,True,False,True,0.3079,29,29,0,0,0.0
HZFQJXUVAZJXLJ,2,False,True,False,False,False,-1.53228,85,86,13,13,1.0
WRDDFOFFQDOVRV,2,True,True,False,False,False,-1.24886,58,58,7,7,1.0
JFRZOWFDKVTWRL,2,True,True,False,False,False,-1.30083,45,45,3,3,1.0
HETZRHDDRHBPKX,2,False,True,False,False,False,-2.34915,13,17,5,5,1.0
CSJPOEXQYWFUFT,2,False,False,False,False,False,-0.29447,75,41,4,1,0.0
UFUDXCDPABDFHK,1,False,False,False,False,True,4.08149,3,12,2,4,0.5
JTYYHSPDVLJFOJ,2,False,False,False,False,True,1.12707,22,74,0,4,0.0
VBZSMBBOZFITID,2,False,False,False,False,False,-1.07702,63,97,0,3,0.0
BKPFUQLDJWNCIK,2,False,False,False,False,False,-1.12864,29,29,1,5,0.2
RSZDAYHEZSRVHS,2,True,True,False,False,False,-2.46277,19,19,4,4,1.0
URTPDSARMPGSPA,2,False,False,False,False,False,-6.62571,10,19,6,9,0.6667
BGXFQDFSVDZUIW,2,False,False,True,False,False,-3.32612,7,11,0,0,0.0
GSBFARPNIZUMHA,2,False,False,False,False,False,-5.32871,23,39,6,7,0.625
HVXXOIGTXJOVON,2,False,False,False,False,False,-3.62055,23,31,12,16,0.5556
HZGGHVGIXDRDDH,2,False,False,False,False,False,-2.58557,95,80,9,0,0.0
OXGUCUVFOIWWQJ,2,False,False,True,False,False,-0.03387,25,38,0,0,0.0
JMIBHWXICSSLDW,3,False,False,True,False,False,-0.17957,0,0,0,0,0.0
BXZJZDQDHHZIIB,2,True,True,False,False,False,-4.27577,37,37,14,14,1.0
DTNGBIGBPPPNNB,1,True,True,False,False,True,2.02992,19,19,5,5,1.0
UZYZCCWBBBCDAD,2,False,True,False,False,False,-1.25593,61,62,5,5,1.0
SXHJWBRJNQZWBI,1,True,True,False,False,True,1.40637,3,3,1,1,1.0
DYKFCLLONBREIL,2,False,False,False,False,False,-0.42899,25,81,1,3,0.3333
NOOJQDXMGLPOOA,2,False,False,True,True,False,0.0,0,0,0,0,0.0
IVXSXOFPZFVZTM,2,False,False,True,False,False,-4.14133,9,13,0,0,0.0
YSGQGNQWBLYHPE,2,True,True,False,False,False,-2.86605,7,7,1,1,1.0
JJHHIJFTHRNPIK,2,False,False,False,False,True,1.33953,7,27,4,4,0.1429
FWHAYHIGJSFGKO,1,False,True,False,False,True,2.76747,62,76,1,1,1.0
AOMRFBUBFPUMQG,2,False,False,False,False,True,1.34224,44,26,3,4,0.4
JECOCDKQCZSANH,1,False,False,True,False,True,0.65612,55,62,0,0,0.0
QHZLMUACJMDIAE,2,False,False,False,False,False,-3.08178,110,112,1,2,0.5
BLTCBVOJNNKFKC,3,False,False,False,False,True,0.57029,150,167,2,6,0.3333
RRVQWUQWPISZCH,1,False,False,True,False,True,3.93783,13,25,0,0,0.0
AMOGMTLMADGEOQ,2,False,False,False,False,False,-1.40218,13,58,1,3,0.3333
IEQXMKLSFWMELP,1,False,False,False,False,True,6.18184,60,41,8,3,0.1
OZWKMVRBQXNZKK,2,False,False,False,False,False,-2.56849,13,26,9,21,0.25
RGWHQCVHVJXOKC,3,True,True,False,False,True,2.88173,62,62,6,6,1.0
NITYDPDXAAFEIT,2,False,False,False,False,True,1.18742,109,49,7,3,0.25
XJMPAUZQVRGFRE,2,False,True,False,False,False,-3.05215,35,42,2,2,1.0
QZJVBGCZOLNWHW,2,False,False,False,False,False,-2.07022,22,41,4,10,0.4
QZSMPWVATGOHPH,1,False,False,True,False,False,-0.68684,0,0,0,0,0.0
KIENONKNUZTGNQ,1,False,False,False,False,True,4.33606,42,13,5,3,0.6
MPHPHYZQRGLTBO,2,False,False,False,False,False,-1.71393,18,28,2,7,0.125
RTYOLBQXFXYMKY,2,True,True,False,False,True,1.36148,29,29,6,6,1.0
IBALRBWGSVJPAP,2,False,False,False,False,True,6.1802,63,52,9,1,0.0
FCFNRCROJUBPLU,1,False,False,True,False,True,3.84096,0,0,0,0,0.0
SMFXSYMLJDHGIE,2,False,False,False,False,True,10.29428,79,20,6,0,0.0
RYVGCUJETSKZDU,2,False,False,False,False,False,-2.32401,51,60,5,2,0.4
MYHXHCUNDDAEOZ,3,False,False,False,False,False,-6.09167,92,78,7,9,0.6
QUCKZYFUROTIBC,2,False,False,True,False,True,1.06658,0,0,0,0,0.0
MVMQESMQSYOVGV,1,False,False,False,False,True,7.3987,30,14,11,0,0.0
KCMWOWTUEWHAMM,2,False,False,False,False,False,-6.36077,6,39,1,3,0.3333
SVCPILBFQWTZFW,2,False,True,False,False,True,0.34256,24,31,13,13,1.0
OVCDSSHSILBFBN,1,True,True,False,False,True,0.52227,46,46,3,3,1.0
TVFMXYDXPCLOEQ,2,False,False,False,False,False,-6.11882,74,28,4,3,0.4
MSWZFWKMSRAUBD,3,False,False,False,False,False,-3.78561,12,37,0,5,0.0
RWVJYKHAFMWADK,1,True,True,False,False,True,2.28984,47,47,4,4,1.0
REUGOQDHLPXDSB,2,True,False,True,True,False,-0.00217,91,91,0,0,0.0
AZZVIICXENBKAB,2,True,True,False,False,False,-1.92825,45,45,5,5,1.0
GJYBMGDRIGIOBX,2,False,False,False,False,False,-0.9017,42,28,4,0,0.0
UORQJKKOBXSGRG,2,False,False,False,False,True,0.85674,37,40,11,13,0.7143
FTEWYGPKBUSJTI,2,False,False,False,False,True,4.28621,15,10,3,2,0.6667
DSOWUEHXZJUNID,2,False,True,False,False,False,-1.58141,213,216,12,12,1.0
SMKRKQBMYOFFMU,2,False,False,False,False,False,-3.14462,41,44,4,13,0.0625
UPCIFQHZBUREPV,2,False,False,False,False,False,-3.72521,18,32,2,2,0.0
PXNSPZIJUVZDBI,1,False,False,True,False,True,2.99393,62,19,0,0,0.0
YOSAXDOXINGSJA,2,False,True,False,False,False,-0.91751,125,130,3,3,1.0
MUWOPMUWBVOVID,2,False,False,True,False,False,-0.28991,210,66,0,0,0.0
KHWHODOWEXOYIJ,2,False,False,True,False,True,15.6685,120,40,0,0,0.0
MBYYMZUVLLYROS,3,False,False,True,False,False,-0.14652,0,0,0,0,0.0
QPQRGIHXJVTGCW,2,False,False,False,False,True,1.63042,35,31,7,2,0.0
DXRRYTCUQOXXIL,2,False,False,False,False,False,-1.84446,34,59,12,3,0.1538
DLSUXMZHOIJLGM,1,False,False,False,False,True,6.017,30,89,1,3,0.0
HUDBDWIQSIGUDI,1,False,False,True,False,True,2.67175,19,20,0,0,0.0
KZTNBUSIRSVZGK,2,False,False,True,False,False,-0.50635,40,88,0,0,0.0
PGYQQEYWYHVHOW,2,False,False,False,False,True,4.24984,86,28,5,1,0.2
OIDYMQICWGYEDR,2,False,False,False,False,False,-0.12649,85,120,8,10,0.125
VDJHFHXMUKFKET,2,True,True,False,False,True,0.28975,33,33,1,1,1.0
OLBVCMYKIIQLQT,2,False,False,True,False,False,-0.12377,82,63,0,0,0.0
VHGCDTVCOLNTBX,2,False,True,False,False,True,5.85065,39,29,22,22,1.0
PEYODCCEJQCEBL,2,False,True,False,False,False,-1.3806,6,7,2,2,1.0
STJLVHWMYQXCPB,2,False,False,False,False,True,4.32092,33,64,3,2,0.6667
HQXAVJAVLMJBRC,2,False,True,False,False,True,0.61697,131,133,1,1,1.0
BDDRVKWDFUPFJD,2,True,True,False,False,False,-0.10181,26,26,3,3,1.0
XTLHEUFWRQKNNG,3,False,True,False,False,True,3.5784,36,89,2,2,1.0
OFSZOCPGPLMCBG,2,False,True,False,False,False,-2.23009,52,41,1,1,1.0
WDHUSHSLPTXJOZ,1,False,True,False,False,True,1.78529,33,34,7,7,1.0
RCZMWVKBVFOCEE,1,False,False,False,False,True,0.68662,33,34,2,4,0.5
PYVRVRFVLRNJLY,2,False,False,False,False,False,-1.03015,233,236,18,14,0.7778
GAAPPIKAFNZRLA,2,False,False,False,False,True,1.16222,25,44,6,10,0.4545
SLWJVQQNDGLXTK,1,False,False,True,False,True,2.57991,25,19,0,0,0.0
NIGWMJHCCYYCSF,2,False,False,False,False,True,2.99564,28,28,10,12,0.8333
IMMADCCLTPCOKH,2,True,False,True,False,False,-1.36724,33,33,0,0,0.0
XJNQXTISSHEQKD,2,False,False,True,False,False,-6.43383,20,18,0,0,0.0
CXGZFWPMXPAZEA,1,False,True,False,False,False,-0.78666,81,81,1,1,1.0
SCNILGOVBBRMBK,2,False,False,True,False,False,-2.13824,30,33,0,0,0.0
AFLNGLSTOJPKJJ,2,False,True,False,False,False,-0.28666,52,49,9,9,1.0
SYYBDNPGDKKJDU,1,False,False,False,False,True,5.75005,59,48,0,12,0.0
NJLUHFDDAQPMDI,2,False,False,True,False,False,-4.63746,11,27,0,0,0.0
RQDVJSDWJAIKOJ,2,False,True,False,False,False,-0.8541,55,46,4,4,1.0
MDJQWFFIUHUJSB,2,True,True,False,False,True,0.95525,20,20,3,3,1.0
SNCVSGFALWTXMM,1,False,False,True,False,True,5.38627,73,51,0,0,0.0
NFPWPUKNJIRZPK,2,False,False,False,False,False,-1.11398,36,44,2,3,0.0
IKUQEFGEUOOPGY,3,True,False,True,False,False,-0.69238,26,26,0,0,0.0
JRCZTCGPEBCBPF,3,False,False,True,False,False,-0.14652,0,0,0,0,0.0
NGPDQWFWZNXVLZ,1,False,False,True,False,True,5.65598,0,0,0,0,0.0
QHOQHJPRIBSPCY,1,False,False,False,False,True,10.62087,34,22,3,2,0.25
IXWWTVSMMIIIFZ,2,False,False,False,False,False,-0.65013,34,29,15,6,0.4
RPJZYOHZALDGKI,2,False,True,False,True,False,0.0,61,61,1,1,1.0
AHTIKTYAZWVOGR,1,False,False,False,False,True,2.0983,19,49,3,2,0.6667
HPNSFSBZBAHARI,2,True,True,False,False,True,1.64169,48,48,3,3,1.0
FVMUXMFNDQLEAU,2,False,False,True,True,False,0.0,0,0,0,0,0.0
FPSPNNCKALEKTN,1,False,False,True,False,True,12.94905,43,64,0,0,0.0
PQKBPHSEKWERTG,2,False,False,False,False,True,0.29325,54,47,11,5,0.4545
AKUOSFHZSPFGEP,2,False,False,False,False,True,3.74991,78,61,7,3,0.4286
RERZNCLIYCABFS,2,True,True,False,False,True,0.6089,8,8,2,2,1.0
SQOJOAFXDQDRGF,2,False,True,False,False,False,-1.59724,13,20,2,2,1.0
LUCHPKXVUGJYGU,1,False,True,False,False,True,2.89863,23,18,3,3,1.0
MZFHPXNJDRKZLZ,2,False,False,False,False,True,9.34022,106,106,9,6,0.1538
PRQWQWSKFNQAOG,2,False,False,True,False,False,-1.09776,32,28,0,0,0.0
VYYHGKQKCBDQKO,2,False,True,False,False,False,-4.21523,26,26,2,2,1.0
HQNACSFBDBYLJP,2,False,False,False,False,True,3.3964,33,72,13,13,0.1818
WRRZKDVBPZBNJN,2,False,False,False,False,False,-2.4978,19,10,4,3,0.4
OOEOVXMORBPOKC,2,False,False,False,False,False,-3.36094,227,215,6,6,0.2
BSZLLSHGSWKZRE,3,True,False,True,False,False,-2.1369,11,11,0,0,0.0
CVEQISBYHSILGF,2,True,False,True,False,False,-2.35116,38,38,0,0,0.0
QMKNKUCTQSRDGU,2,True,True,False,False,False,-1.68449,10,10,4,4,1.0
FZHXIRIBWMQPQF,2,False,True,False,False,False,-2.57149,37,37,10,10,1.0
SUYVUBYJARFZHO,2,False,False,False,False,True,1.91788,62,56,20,16,0.8
VZEJFGXIOVVAES,2,False,True,False,True,False,0.0,75,75,4,4,1.0
XSAACZDYCQIFPG,2,True,True,False,False,False,-2.5267,27,27,13,13,1.0
PFTQIVMILQKDQN,2,False,False,True,False,False,-0.89554,63,53,0,0,0.0
AKYKYHKJUHUACD,2,False,False,True,False,False,-1.12283,13,19,0,0,0.0
HWMMWMJBUOCCFZ,2,True,False,True,False,False,-1.09652,7,7,0,0,0.0
LNHWXBUNXOXMRL,2,False,False,False,False,False,-2.09845,36,85,7,11,0.6364
SATGKQGFUDXGAX,1,False,False,False,False,True,0.19543,49,7,4,2,0.5
FPIVCKLVSVCJHW,1,False,True,False,False,True,3.11874,56,58,1,1,1.0
OXNYNKGAOAFFBD,1,False,False,True,False,True,2.26214,44,36,0,0,0.0
AFSDNFLWKVMVRB,2,False,False,False,False,True,1.39062,4,22,3,7,0.4286
BGCNHXQQGSIHRP,2,True,True,False,False,True,0.29326,24,24,4,4,1.0
MLTVHORGISIISB,2,False,False,False,False,False,-3.65709,43,13,14,7,0.5
GKLSYIMLZDYQBJ,2,False,True,False,False,True,0.24212,36,33,3,3,1.0
CPHZVLHSTZSKKX,2,False,False,False,False,False,-1.61023,41,40,6,5,0.5714
AUFUWRKPQLGTGF,2,False,True,False,False,True,1.13244,37,30,2,2,1.0
HZXUEWPTAWEJHC,1,True,True,False,False,False,-0.33627,28,28,3,3,1.0
RLAKWLFUMAABBE,2,False,False,False,False,False,-3.25985,19,14,6,13,0.4615
CMEYODOSAQTQFO,2,False,True,False,True,False,0.0,59,59,2,2,1.0
VCKPUUFAIGNJHC,2,True,True,False,False,True,0.17441,35,35,2,2,1.0
CMHCOGHTKXUQKW,1,False,False,False,False,False,-3.8452,82,86,1,2,0.5
JDTUMPKOJBQPKX,1,False,False,True,False,True,4.77062,52,24,0,0,0.0
AQVOANKSGFAANH,2,False,True,False,False,True,1.62965,84,67,18,18,1.0
JOLITHWHEFIGDT,2,True,True,False,False,False,-1.51775,19,19,8,8,1.0
RTKIYFITIVXBLE,2,False,False,False,False,True,0.49731,51,58,3,8,0.375
GRZRQKSQIMICPO,2,False,False,True,False,True,0.14652,0,0,0,0,0.0
FYRDRWHCLLNEML,1,False,False,False,False,False,-1.02359,86,88,13,14,0.9286
CBOMORHDRONZRN,3,True,False,True,False,False,-0.81177,79,79,0,0,0.0
SMLUHOHPDVBXKH,2,True,True,False,False,False,-2.09881,19,19,4,4,1.0
GNMSLDIYJOSUSW,2,False,False,False,False,True,5.81583,13,13,10,3,0.3
GFQRPXMWTUUBTN,2,False,True,False,False,True,2.60557,20,24,4,4,1.0
GFERNZCCTZEIET,1,False,True,False,False,True,3.46031,14,9,4,4,1.0
CNDGPTOBKYTGSG,2,False,False,False,False,True,5.97642,85,91,8,9,0.7
GHCZAUBVMUEKKP,3,True,False,True,False,False,-2.24454,57,57,0,0,0.0
XTVNYVWMSJMVGI,2,False,True,False,False,False,-1.25288,21,21,2,2,1.0
KGQMQNPFMOBJCY,2,False,True,False,False,False,-0.43704,49,49,1,1,1.0
BDCURAWBZJMFIK,1,False,True,False,False,True,1.87009,24,19,5,5,1.0
WPKQVDYSPWCVGM,2,False,False,False,False,False,-3.44836,36,33,2,1,0.5
UQRORFVVSGFNRO,1,True,True,False,False,True,6.20927,23,23,4,4,1.0
ZXBFYBLSJMEBEP,2,False,False,False,False,True,5.42124,64,39,10,0,0.0
ARJXIGOIOGJAKR,2,False,False,False,False,True,1.62563,48,48,14,16,0.7647
FZVOBDJBRIEKPS,1,False,True,False,False,False,-0.78664,87,87,1,1,1.0
ZLRHCSCBOSNBCZ,2,False,True,False,True,False,-0.0069,357,354,11,11,1.0
FNYLWPVRPXGIIP,2,False,False,False,False,False,-1.07163,7,57,2,9,0.2222
ASEYQCQECHXIFA,1,False,False,False,False,False,-0.19397,189,197,4,5,0.5
MPUKHERSKPLKHP,2,False,False,False,False,True,1.29809,64,53,15,9,0.6
FNDTZZIWWYSDAH,1,True,True,False,False,True,1.19479,27,27,1,1,1.0
JCUJHHAQRQYQRF,2,False,False,False,False,False,-1.16406,93,89,1,0,0.0
NETXMUIMUZJUTB,2,False,False,False,False,False,-0.37721,33,25,11,4,0.3636
MHGLNDDJLDJDBG,2,False,False,True,False,False,-4.28704,45,13,0,0,0.0
FVNFBBAOMBJTST,1,False,True,False,False,True,5.21604,9,21,6,6,1.0
