set,query,cls,in_massspecgym,same_adduct
eval,PAHGJZDQXIOYTH,2,False,False
eval,UYNVMODNBIQBMV,3,True,True
eval,BAZGVDKAIHZPOH,2,True,True
eval,GSPFUBNBRPVALJ,3,True,True
eval,SIWOWUAUIFWBDY,1,True,True
eval,YOHOWLRHMIRGCZ,3,False,False
eval,IWXJKHSPEQSQMD,3,True,False
eval,AUAXNNILRNCQAX,2,True,True
eval,JXKBKZWTQVGIAK,3,True,True
eval,JWINIHBXRZXFKL,3,False,False
eval,BCZUAADEACICHN,3,True,True
eval,LWUJNFXMOSWRGO,2,False,False
eval,BOJKULTULYSRAS,2,True,True
eval,FWBHETKCLVMNFS,3,True,True
eval,KNQNJCODLDRFSM,2,False,False
eval,IPBVNPXQWQGGJP,2,False,False
eval,GPARBZTZAHGRDH,3,True,True
eval,CYIDZMCFTVVTJO,3,False,False
eval,FCCNKYGSMOSYPV,3,True,True
eval,XOJDXSDPICSSTA,3,False,False
eval,MNVGUNLOWKLLFC,1,False,False
eval,BJNRRZFZTVYOOW,2,False,False
eval,OLBCVFGFOZPWHH,1,False,False
eval,VLUYADZBWJUSNX,2,False,False
eval,RXWNCPJZOCPEPQ,1,True,True
eval,ZJBMQVPEJHVSQA,2,False,False
eval,IERFAZQCIAZODG,1,True,True
eval,UDXANBFMQUOKTQ,2,False,False
eval,IZFGRAGOVZCUFB,2,False,False
eval,GWDFJIBHVSYXQL,3,True,True
eval,JEOAJYYDZYNEAH,2,True,True
eval,NVJLIMSDAPOFHF,3,False,False
eval,XIGAUIHYSDTJHW,2,True,True
eval,KYERVKWKQQBRQB,3,False,False
eval,XNRGJMFNTYWHNR,2,False,False
eval,PTIDGSWTMLSGAH,2,True,True
eval,TZDVTFYLQHHLND,2,True,True
eval,DQOWHTFHFLRPDX,2,False,False
eval,HPBJJSKSRVQRQK,3,True,True
eval,NXJYJHDDQUZYBZ,2,True,True
eval,JSLDLCGKZDUQSH,3,True,True
eval,QMGGMESMCJCABO,3,True,True
eval,ORJDDOBAOGKRJV,2,True,True
eval,OAUREGNZECGNQS,3,True,True
eval,XREZOMRRMAKCRX,3,True,True
eval,HZDFZQGZGNKKNH,2,True,True
eval,BKWJAKQVGHWELA,3,True,True
eval,RLZIADDATOMNNY,2,True,True
eval,DORPKYRPJIIARM,1,False,False
eval,QKVNMVAISCKGFO,3,True,True
eval,NPNNKDMSXVRADT,1,True,True
eval,AHANXAKGNAKFSK,2,True,True
eval,DEZCXDHAJMKBQF,2,True,True
eval,ANODJSBBJYGIOF,2,True,True
eval,HITLMPHPGUZLGI,3,False,False
eval,UTMFIKFVXBHDRL,3,True,True
eval,KQMOCRHUOQQSTB,3,False,False
eval,RJIWZDNTCBHXAL,3,True,True
eval,SDGDWRYYHQOQOJ,3,False,False
eval,XFKGEQRMYJCXFK,3,False,False
eval,QGNRETMYLHRUBB,2,False,False
eval,XEQQGHISHUGMIP,2,False,False
eval,YFDKIHAZVQFLRC,3,False,False
eval,PTTJLTMUKRRHAT,2,True,True
eval,NYTZRFVFIRTFIX,2,True,True
eval,NZASCBIBXNPDMH,3,True,True
eval,NWTGGTMLVAWUHF,3,False,False
eval,LOSIPCYWORXTAW,2,False,False
eval,BDCDNTVZSILEOY,1,True,True
eval,UDMLVGSGFGXFEF,2,True,True
eval,HRRYYCWYCMJNGA,3,True,True
eval,BPYKTIZUTYGOLE,3,True,True
eval,SBNYIBUYPAIQOI,2,False,False
eval,SYKWLIJQEHRDNH,2,False,False
eval,MIROITGPMGDCGI,2,True,True
eval,RHDRMOUSDQDVCE,2,False,False
eval,GIIZNNXWQWCKIB,1,True,True
eval,HFGSQOYIOKBQOW,3,True,True
eval,AFTBPUXZTDLRSP,2,False,False
eval,SJVQHLPISAIATJ,2,True,True
eval,AEWHYWSPVRZHCT,3,True,True
eval,FTAGQROYQYQRHF,1,False,False
eval,BIGUPJIJZYZJMV,2,True,True
eval,STYCQQCWPHBTIH,3,True,True
eval,ABJOCPBDVGJFLG,3,False,False
eval,VULLSLYDWNGNKZ,3,True,True
eval,GPWHCUUIQMGELX,2,True,True
eval,YCWSUKQGVSGXJO,2,True,True
eval,UYULJYQCIXAZIN,1,True,True
eval,MOBUVCKLGDJANF,2,True,True
eval,WTKZYPVTAXZSEM,3,True,True
eval,VOBCHHSFSHYHIA,2,False,False
eval,OFQKTZRDRXZBON,1,True,True
eval,FPVGOYVYIRGMQO,2,True,True
eval,ARHMXGGUMSXGFS,1,True,True
eval,WOPYGCANEAIOEM,2,True,True
eval,OJYLAHXKWMRDGS,1,False,False
eval,BQHHNAPTXQOPBW,2,True,True
eval,BHSDLJXQKBYFNH,2,False,False
eval,GWTQDEWQHCDBEI,2,False,False
eval,XGCUCFKWVIWWNW,2,True,True
eval,OONDLKCAZJZRCW,3,True,True
eval,RAWKXKPJGBUIEG,2,False,False
eval,RTNZWGMBYCVCPK,2,True,True
eval,ZOJAINJCZSVZGW,2,True,True
eval,KQDRVXQXKZXMHP,2,False,False
eval,OMPFZUXZCIVLSI,1,True,True
eval,OWBQCPZBRPKYKE,3,True,True
eval,SRBHCRWAHUOXQL,3,False,False
eval,BITHHVVYSMSWAG,2,False,False
eval,QQBFAVBJOBJSKG,3,True,True
eval,IHPMURIXWRKEKD,3,False,False
eval,FYDVPEVHFUBOJG,1,False,False
eval,UGJMXCAKCUNAIE,2,True,True
eval,BYHVZDRLSCCTND,2,True,True
eval,ANDGGVOPIJEHOF,2,True,True
eval,KKADPXVIOXHVKN,3,False,False
eval,QDDILOVMGWUNGD,3,True,True
eval,JPKVDETWOQEHQO,2,False,False
eval,DXJGGEVMIZJZLN,2,True,True
eval,WRHWVCAYGJOCSG,2,True,True
eval,KJPAOKCLRDGPMI,3,True,True
eval,DNVLJEWNNDHELH,3,True,True
eval,FJKRCBVJIUJMSB,1,True,True
eval,NVEPPWDVLBMNMB,2,True,True
eval,YTKUWDBFDASYHO,3,True,True
eval,PTVXQARCLQPGIR,1,False,False
eval,GTTYINPAUAIFMI,3,True,True
eval,MHJKBJNQJSWYKS,2,False,False
eval,GCKMFJBGXUYNAG,2,True,True
eval,OGNQOWNBNTWYJN,2,True,True
eval,IQZWKGWOBPJWMX,2,False,False
eval,BNQSTAOJRULKNX,2,True,True
eval,FNVCLGWRMXTDSM,3,True,True
eval,JETQIUPBHQNHNZ,3,False,False
eval,UJSHBYQGQRPVNO,2,True,True
eval,RTZKSTLPRTWFEV,2,True,True
eval,OUDSBRTVNLOZBN,2,True,True
eval,NHAQNKDEUQPSIX,3,False,False
eval,BJTZZEBZJSIVGA,3,True,True
eval,QLSUUELDMMCCEI,3,False,False
eval,YRRKLBAKDXSTNC,3,True,True
eval,LJGOHKSMJNTMAH,2,True,True
eval,ZCCLDKGWJIREQF,1,False,False
eval,VOEVEGPMRIYYKC,1,False,False
eval,MKMZAENVDZADSW,1,True,True
eval,OSDYZSDCSJYUFO,3,True,True
eval,DGBNCMKQNOJCFB,3,True,True
eval,QTEHGUUSIIWOOW,2,False,False
eval,IZCOBQSZMYGEDP,2,True,True
eval,LZMOSYUFVYJEPY,2,True,True
eval,XZFUGMCJZFRBKF,1,False,False
eval,BMQZUVJDTYLGMN,3,True,True
eval,YVPUUUDAZYFFQT,3,True,True
eval,JTJJJLSLKZFEPJ,2,True,True
eval,HUKWUYRJEKGMFU,3,True,True
eval,QRDNJYNIEGRRKV,3,True,True
eval,UBQNRHZMVUUOMG,1,True,True
eval,ZVNXMCBLBISSKP,3,True,True
eval,HETZRHDDRHBPKX,2,True,True
eval,KOTBWDXNYNTNIY,2,False,False
eval,YJUGKYOFRZOMIJ,2,True,True
eval,YGBZFOQXPOGACY,3,False,False
eval,YEXVXKIMPBHRQR,3,False,False
eval,RFILOXFULBNPOU,2,True,True
eval,FCJIWTZAADYCGI,3,True,True
eval,PBYPZVMETKFGQR,1,True,True
eval,SPSSULHKWOKEEL,3,False,False
eval,JZUFKLXOESDKRF,2,True,True
eval,RCMABBHQYMBYKV,2,True,True
eval,CAHQQYHQUHYOGU,1,True,True
eval,AGRZUANLVXMRCO,2,False,False
eval,NLLJGJGLOHFJMI,1,True,True
eval,MVTLXFDHKDVAIC,1,True,True
eval,GCXASLJTVIGYQE,2,False,False
eval,FEZDDTIDMGTSLT,3,True,True
eval,QYTBBBAHNIWFOD,1,True,True
eval,MNLGBRDSLUAKRO,2,False,False
eval,RWEVZSYWIIZZFV,2,True,True
eval,LJGMGXXCKVFFIS,3,False,False
eval,QZYSUBAQYSVFNX,1,False,False
eval,HXKQKEQCNBMZJW,2,True,True
eval,CMHHMUWAYWTMGS,2,True,True
eval,RDNRIBOBEOTFJG,2,True,True
eval,GAZDXIGXYWVWQX,2,True,True
eval,UBAJTZKNDCEGKL,2,False,False
eval,PAJMKGZZBBTTOY,2,True,True
eval,SSRDSYXGYPJKRR,3,True,True
eval,ITWCBKGNWXDVFP,3,False,False
eval,SRGRIOXSONGZCM,2,True,True
eval,LTFMZDNNPPEQNG,2,True,True
eval,DMDBJWPXOHROAS,2,True,True
eval,NKFZLEYLWAFYEH,3,False,False
eval,HGCSWGCNGLSJDQ,3,True,True
eval,NGSWKAQJJWESNS,2,True,True
eval,AXCLECQLCBWNLZ,3,False,False
eval,WIKNHJPJHDNAME,1,False,False
eval,RIHQHYIWKHVLRH,1,True,True
eval,MFYSUUPKMDJYPF,1,False,False
eval,YXBHWZYFNLJVNP,3,True,True
eval,BSXFDHHTXOAUGB,2,True,True
eval,UTOPWMOLSKOLTQ,1,False,False
eval,RPAVTHDZANYLNL,3,True,True
eval,JPRAADAALYQLIE,3,False,False
eval,YOVVNQKCSKSHKT,3,True,True
eval,JAAFNWYGLROOGI,2,True,True
eval,RIRGCFBBHQEQQH,2,True,True
eval,FZAVQTYIBVEBHF,2,False,False
eval,OBMNJSNZOWALQB,2,True,True
eval,DAXZWJMEKUNRCD,2,True,True
eval,NCXYJHRCPJFINE,1,True,True
eval,DLRVVLDZNNYCBX,2,True,True
eval,SHIZRFSRTKXRQL,1,False,False
eval,XWMNRKXRGYSMGY,2,False,False
eval,QNZCBYKSOIHPEH,3,True,True
eval,XQUDPNNCEUPWIL,2,True,True
eval,PXMJCECEFTYEKE,2,False,False
eval,ZXONBNBMIDUHPG,2,False,False
eval,UXUFMIJZNYXWDX,1,True,True
eval,OCLJUQSRRLIINU,2,True,True
eval,PRGILOMAMBLWNG,2,False,False
eval,DIBVDMNGVYXRJK,2,True,True
eval,FXFRDTNUZHPKAI,3,True,True
eval,VPAOSFFTKWUGAD,1,True,True
eval,JNAHVYVRKWKWKQ,3,True,True
eval,NTHPAPBPFQJABD,1,True,True
eval,SCYCMFQAMTUOEU,2,True,True
eval,RXRSNDCGNOOFLH,3,True,True
eval,OEXHQOGQTVQTAT,3,False,False
eval,HXXFSFRBOHSIMQ,3,True,True
eval,VUEOHJNEHXJLDD,1,True,True
eval,URYYGMVXBWUJFP,3,False,False
eval,PATJZXBBUQEFOY,2,False,False
eval,IIGQXTIUKKRHCT,3,False,False
eval,LSNWBKACGXCGAJ,1,True,True
eval,WSMQBJMPWPNLTJ,2,True,True
eval,JNRNIJXHDHXSIY,3,False,False
eval,CZLWGXKWXLVFJU,2,True,True
eval,XDJCLCLBSGGNKS,3,True,True
eval,QYGUYHZAAVMQBV,2,True,True
eval,ARBHXJXXVVHMET,2,False,False
eval,SIOXYUXOHTZOOM,3,True,True
eval,KSGXQBZTULBEEQ,2,True,True
eval,SWYCMJAKZYLTJN,2,False,False
eval,ZADWXFSZEAPBJS,3,True,True
eval,CBFCUSQKTDQXKC,2,True,True
eval,URAYMAONOUOAOQ,3,True,True
eval,XTKVNQKOTKPCKM,2,True,True
eval,JIEVJXRUYDZFTD,1,False,False
eval,BNSKYFUGMLMCLM,3,True,True
eval,CUAPOUHDJKWLOB,1,False,False
eval,DCFDRCCHOOORSB,2,True,True
eval,VDNBKSIMLSGEHD,2,True,True
eval,OOBHFESNSZDWIU,3,True,True
eval,BVIXPBFQDINHQZ,3,True,True
eval,OOEOVXMORBPOKC,3,True,True
eval,YCXRBCHEOFVYEN,3,True,True
eval,OLCVEOSSVCAFGR,1,False,False
eval,URGMNEBQCDTMGX,2,True,True
eval,FNFQCEGHMNKYIA,3,True,True
eval,LBZMXGLPRHGPRE,3,True,True
eval,QMNWISYXSJWHRY,3,True,True
eval,MDHYEMXUFSJLGV,3,True,True
eval,PKEGICXVZMKJPR,2,False,False
eval,LGSDYQBPJKYJCT,3,False,False
eval,MKGZDUKUQPPHFM,3,True,True
eval,JSUQFTGQEWFVFA,3,True,True
eval,DHERRFSDLNUGOK,3,False,False
eval,FFSSWMQPCJRCRV,2,True,True
eval,XJHDMGJURBVLLE,1,True,True
eval,FENDTMDXZKLLQD,2,True,True
eval,KAJXOWFGKYKMMZ,2,True,True
eval,MHASSCPGKAMILD,3,False,False
eval,ZVXYGPURDSESHS,1,False,False
eval,KIJZQEXKCZHTNA,3,False,False
eval,KZTNBUSIRSVZGK,2,True,True
eval,LLEMSCWAKNQHHA,2,True,True
eval,VJYFKVYYMZPMAB,2,True,True
eval,WNANPKYNOALKIV,3,True,True
eval,YIGARKIIFOHVPF,2,True,False
eval,KQBFNIVRWYGXRN,2,True,True
eval,FWVHWDSCPKXMDB,3,True,True
eval,CBTFERBMQQAROP,2,False,False
eval,QZGXXZPRJHSVTD,1,False,False
eval,PDGHHNMEFVJAAM,3,False,False
eval,GKMKEUWZFLWKKU,3,False,False
eval,RXZQACCASWKYSX,3,True,True
eval,NPUXQAACUNUHIX,3,False,False
eval,CANZBRDGRHNSGZ,2,False,False
eval,ICJJPTZLMALYBH,2,True,True
eval,QGFJORGLNPWXMK,1,False,False
eval,VOUDTVRGPAGHGA,3,False,False
eval,SDKQRNRRDYRQKY,2,True,True
eval,WHBIGIKBNXZKFE,3,True,True
eval,IJOCZMKYIFYFQK,1,True,True
eval,QZPRUZHYBANQFG,3,True,True
eval,GJSLOMWRLALDCT,2,False,False
eval,FYWCDZKQBWSMDD,3,True,True
eval,YYJRAGPDSYXARF,2,False,False
eval,JCHWTVUGTSYUOL,3,True,True
eval,VXOWSCCBONVSRU,3,True,True
eval,NGROIZSHBGXMTB,3,True,True
eval,PBOSTUDLECTMNL,2,False,False
eval,BWSFBLYFHGZBRQ,3,True,True
eval,XELXKZJCZXSVKJ,3,True,True
eval,ULGNGSQNNMKROG,2,False,False
eval,WJJBQRNAMWKGNO,2,True,True
eval,VQEONGKQWIFHMN,3,True,True
eval,GZIFEOYASATJEH,3,True,True
eval,OEZJTMNFEIOILN,2,True,True
eval,WHQCHUCQKNIQEC,3,False,False
eval,VGJOYFZLAIERID,2,True,True
eval,CHXGEXUSMGVBKI,3,False,False
eval,PTDAHAWQAGSZDD,2,True,True
eval,WWYBIFCBAWCPFI,3,False,False
eval,NHAFYGMKGLAVPH,3,False,False
eval,DEFJQIDDEAULHB,3,True,True
eval,CABVTRNMFUVUDM,2,False,False
eval,PYVRVRFVLRNJLY,2,True,True
eval,NMOVJBAGBXIKCG,2,False,False
eval,NIOKCFABUMZUDL,1,False,False
eval,UMJHTFHIQDEGKB,1,True,True
eval,CFDIWPPOFAWCOJ,2,False,False
eval,IRGJVQIJENCTQF,3,False,False
eval,LLHJXODPYGGYCJ,3,True,True
eval,INHVGPIPHZJQOP,2,True,True
eval,AOCHUNQIEDKKDL,2,True,True
eval,NHKZSTHOYNWEEZ,3,False,False
eval,JOWXJLIFIIOYMS,2,True,True
eval,QPDMOMIYLJMOQJ,3,True,True
eval,FNOWZTMNFWPNII,1,True,True
eval,XGDZEDRBLVIUMX,2,False,False
eval,HNXQXTQTPAJEJL,2,True,True
eval,WKHHFWJJIRCXHA,3,False,False
eval,JTUCCIJVUMWRPQ,3,True,True
eval,BTLGECQNWBWUCT,2,True,True
eval,BIXZHMJUSMUDOQ,2,False,False
eval,UNAWQKTWGFQKSW,2,False,False
eval,AKGUUTOJDVYTKL,2,True,True
eval,VXFJYXUZANRPDJ,3,True,True
eval,VPKMKALIOUCHIT,3,False,False
eval,MZIBEZJUHBXEJQ,1,False,False
eval,JQUHMSXLZZWRHU,2,True,True
eval,ODNMTIVRLHXQTE,2,False,False
eval,QANMHLXAZMSUEX,3,True,True
eval,ZXGWUCRPMYBWGO,2,False,False
eval,OMGUWQWBDLPKCU,1,False,False
eval,BGOFCVIGEYGEOF,2,True,True
eval,KLMHYCKSMUAZFP,1,True,True
eval,KKOLMSSIDZXPLS,2,True,True
eval,RSIWXFIBHXYNFM,3,True,True
eval,CAUANPLJFMVCHO,3,True,True
eval,MBTAFMZUDOUGPS,2,False,False
eval,HXYVTAGFYLMHSO,2,True,True
eval,ADPAPZVYVYEBGS,1,True,True
eval,UXYRZJKIQKRJCF,2,False,False
eval,JVXWNCRJCLOVRQ,3,False,False
eval,IGODCUREOYTJPM,3,True,True
eval,DKEXFJVMVGETOO,2,True,True
eval,WBWWGRHZICKQGZ,3,True,True
eval,SLUFFIKFMLYKDM,3,False,False
eval,NORHBOUZICGKOK,3,True,True
eval,VEYNISLTHXQSGU,2,True,True
eval,BXPINNBJLNOEOY,2,True,True
eval,AJMZUFBKADIAKC,2,False,False
eval,WDKOBPGTYYAAKJ,1,True,True
eval,DDNCQMVWWZOMLN,3,True,True
eval,DYNHJHQFHQTFTP,2,True,True
eval,CUCNRHYDISBEQH,3,True,True
eval,SAMXBYLRDCRTCV,2,True,True
eval,WPZBPGLDPHSUSA,2,False,False
eval,VFCNQNZNPKRXIT,1,False,False
eval,IEZRNEGTKRQRFV,2,True,True
eval,YLILOANQCQKPOD,2,False,False
eval,SRWVXXOQHDZZPL,3,True,True
eval,DINQLGRRIYZCPG,3,True,True
eval,POQICXMTUPVZMX,2,True,True
eval,GSROTDACALJGFK,3,True,True
eval,PHLXREOMFNVWOH,2,True,True
eval,YHGXYYIGHBPDMX,3,False,False
eval,PWAOOJDMFUQOKB,3,True,True
eval,NXJLRTWACLZUAZ,2,True,True
eval,HCJZFFIWRCBJKQ,3,True,True
eval,XCCTYIAWTASOJW,3,True,True
eval,VCCNKWWXYVWTLT,2,True,True
eval,BBIDMUQZCCGABN,3,False,False
eval,OWBQCPZBRPKYKE,3,True,True
eval,LRHVZVQHYQOHJX,2,False,False
eval,OBTRHSACGAHRDM,2,True,True
eval,ONLMUMPTRGEPCH,2,False,False
eval,NEEQFPMRODQIKX,3,True,True
eval,GBAMFFILOSWMOO,3,False,False
eval,XOXYHGOIRWABTC,2,True,True
eval,IQHUITKNHOKGFC,1,True,True
eval,PCMUPOUDXMFDRE,2,True,True
eval,DVLLGHPCJPEUHA,3,True,True
eval,VTYFITADLSVOAS,2,True,True
eval,GCMGJWLOGKSUGX,3,True,True
eval,LHZZULHOQSQSJN,2,True,True
eval,BUKBJIBZOCTYLQ,3,True,True
eval,CWVSUZGVHGBQBL,3,False,False
eval,SUSIMFZQHRKHPM,2,False,False
eval,MFOUDYKPLGXPGO,2,True,True
eval,MRMHZWKIOFZZID,2,True,True
eval,RPAVTHDZANYLNL,2,True,True
eval,VHLKTXFWDRXILV,3,True,True
eval,BJGUEPXNQKBVBW,2,True,True
eval,YCIXWYOBMVNGTB,3,True,True
eval,TXNJQKDZOVFCAQ,3,False,False
eval,ITRJWOMZKQRYTA,1,True,True
eval,BQKXJCBALVIMOT,2,True,True
eval,KWAMQJKXYGOFSY,2,True,True
eval,JQHGZAGUFPJYDL,3,False,False
eval,YMDDELUTDBQEMT,1,False,False
eval,IBXCKSUZOFKGSB,1,True,True
eval,DJSISFGPUUYILV,1,True,True
eval,CUDVHEFYRIWYQD,2,True,True
eval,OZKVQSNRAFPWMK,2,False,False
eval,SOLIIYNRSAWTSQ,1,True,True
eval,RJWJHRPNHPHBRN,2,True,True
eval,PSZDOEIIIJFCFE,2,False,False
eval,QZKUNAATQJYHIC,2,False,False
eval,NVJLIMSDAPOFHF,3,False,False
eval,KDFKJOFJHSVROC,3,True,True
eval,INVOSXVUPRCXKV,2,False,False
eval,WXZVAROIGSFCFJ,1,True,True
eval,DIJBBUIOWGGQOP,1,True,True
eval,SNXPWYFWAZVIAU,2,True,True
eval,LZOSYCMHQXPBFU,3,True,True
eval,HXQHFNIKBKZGRP,1,True,True
eval,XAPCMTMQBXLDBB,2,True,True
eval,AJVSQVXQCTVFFY,2,True,True
eval,JKYJSFISYHSNOE,2,True,True
eval,ILQLITDRYFHAGM,2,False,False
eval,YSGQGNQWBLYHPE,2,False,False
eval,PZNPHSFXILSZTM,3,False,False
eval,LFHNVTKRYWORIP,2,True,True
eval,IKACRWYHQXOSGM,2,True,True
eval,KQKIBPHENIYGEF,1,False,False
eval,BVHCIBPROINFPQ,3,False,False
eval,WRSGLSMQZLBGNH,3,False,False
eval,PRFXRIUZNKLRHM,3,True,True
eval,XJLATMLVMSFZBN,2,True,True
eval,UPTYCYWTFGTCCG,2,True,True
eval,WYDUSKDSKCASEF,1,True,True
eval,ACQRUPZAAPLQQP,3,True,True
eval,WBIQYHZEYQDKCL,2,True,True
eval,UXYJCYXWJGAKQY,3,True,True
eval,PHXOAJMVLUFUDQ,3,True,True
eval,WZWIOTYITIUOCJ,2,False,False
eval,AVFIYMSJDDGDBQ,2,True,True
eval,NQGSPODDMCKPBZ,2,True,True
eval,ZUKWGQJERAFPPP,2,True,True
eval,SDTFURCSGWUESP,3,True,True
eval,BUQQDANPHQFSEK,3,True,True
eval,IIFCLXHRIYTHPV,3,True,True
eval,DYUGTPXLDJQBRB,2,True,True
eval,FPNYZEUDIBOJQA,3,True,True
eval,DFGYGTWTXGTQIC,2,True,True
eval,IRIKOFVOCRZPKL,1,True,True
eval,MSWRFBPAGLGJCX,2,True,True
eval,CNKHSLKYRMDDNQ,3,True,True
eval,SWMBSQOIQMEUOU,3,True,True
eval,NFZWLQORNBHQRQ,2,True,True
eval,HXQQNYSFSLBXQJ,2,False,False
eval,RMFZYEBIQCUWPE,3,True,True
eval,HPHXOIULGYVAKW,2,True,True
eval,MULATNABYLUECQ,3,True,True
eval,HTPFCQBRMHUAEU,3,True,True
eval,XUOQKQRMICQUQC,3,True,True
eval,AJFWREUFUPEYII,2,True,True
eval,URBFANMWRODMRT,1,True,True
eval,OFVLGDICTFRJMM,2,True,True
eval,ZBBZROWQLKCFQK,2,False,False
eval,HCYAFALTSJYZDH,1,True,True
eval,XHCADAYNFIFUHF,3,True,True
eval,OOADLWBTJWWEHC,2,True,True
eval,DXBJHRPKFQGVGZ,3,True,True
eval,JUGKCFLQZJYLHO,3,True,True
eval,BJMXBTRNBWZGEQ,2,True,True
eval,COUKTHZXLGYKPK,3,False,False
eval,AVLKQJXYLBZMPQ,3,True,True
eval,OGXNFSOEIVPPSG,3,True,True
eval,AZIUYJPOBCMPON,3,False,False
eval,HPFXACZRFJDURI,2,True,True
eval,FJQKXKNZQQBTDD,2,True,True
eval,DTPCFIHYWYONMD,2,True,True
eval,NTBBASCGALPTDC,2,False,False
eval,OBBKIKZFVSBXJQ,1,False,False
eval,CTXHTRWRNKBGGX,1,True,True
eval,RCYPVQCPYKNSTG,3,True,True
eval,TZFWDZFKRBELIQ,2,True,True
eval,GCCFMSAXQJECNH,1,True,True
eval,GUHPRPJDBZHYCJ,1,True,True
eval,HXKURAVERIWKLH,3,True,True
eval,AOPBDRUWRLBSDB,3,True,True
eval,IDRHDKGNUNKODU,2,True,True
eval,QQUHMASGPODSIW,3,True,True
eval,DQJKVVGTJNBSOS,2,True,True
eval,APTOFTJOCNPNQP,1,True,True
eval,MOALQBYBRKKDEH,2,False,False
eval,YFHHIZGZVLHBQZ,3,False,False
eval,IXIMDUAPYHOVHL,1,True,True
eval,BPZZWRPHVVDAPT,1,False,False
eval,SZMJVTADHFNAIS,1,True,True
eval,FXOBIDROVMXPBW,2,False,False
eval,DMTIGERKTROHBA,2,True,True
eval,CNEAFYADRZPYEP,2,False,False
eval,ZQDWXGKKHFNSQK,1,True,True
eval,SWLNXMJZQXZBCB,2,True,True
eval,CECREIRZLPLYDM,1,False,False
eval,PJWYFLXQADFKOL,1,True,True
eval,SFTJTIUAYCUEKQ,3,False,False
eval,JUVIOZPCNVVQFO,3,True,True
eval,MHJBZVSGOZTKRH,3,True,True
eval,CAMYXILYLXYDFE,1,True,True
eval,ZGLXUQQMLLIKAN,3,False,False
eval,LKVIDBLGZHMPCV,2,True,True
eval,KJPAOKCLRDGPMI,3,True,True
eval,DOUQNGAJTIRQPP,3,False,False
eval,YYVYAPXYZVYDHN,2,True,True
eval,RVXFSLZMZOFGEQ,2,False,False
eval,OHZHMFHUDGVZSK,1,True,True
eval,YMPALHOKRBVHOJ,3,True,True
eval,RMPRESDCJMOAHW,2,True,True
eval,SECPZKHBENQXJG,1,True,True
eval,MRHAPHFJBAUDTR,2,True,True
eval,BJVAIYSAEBZQNS,2,True,True
eval,QADHLRWLCPCEKT,3,False,False
eval,ZRBFCAALKKNCJG,1,True,True
eval,TXFYYWHRTDECTR,2,True,True
eval,XIRNKXNNONJFQO,3,True,True
eval,GZGZWZVAJDFXJK,2,True,True
eval,JQKLZAQSMGFZSI,2,True,True
eval,XZZNDPSIHUTMOC,3,True,True
eval,RIGIWEGXTTUCIQ,3,True,True
eval,DTDADHMBRZKXSC,1,False,False
eval,CIGQQQTZOIDQQR,3,True,True
eval,DMVOXQPQNTYEKQ,2,False,False
eval,PTKSEFOSCHHMPD,2,True,True
eval,LZMRDTLRSDRUSU,2,False,False
eval,NGBFQHCMQULJNZ,3,True,True
eval,FELGMEQIXOGIFQ,1,True,True
eval,QMGGMESMCJCABO,2,True,True
eval,KDFQABSFVYLGPM,1,False,False
eval,BRXNFHGWRDJMSF,2,True,True
eval,ARJHYIXJSHLFBK,2,True,True
eval,LYGRISUQIZNHGM,2,True,True
eval,PCUOEOPTDCUNQQ,2,False,False
eval,HQVOPXGNHGTKOD,1,False,False
eval,UIHPNZDZCOEZEN,3,True,True
eval,NAIMYXZJCNXCQD,3,True,True
eval,IRVWPZRYDQROLU,3,True,True
eval,ABEPLDYBWOKMCT,2,True,True
eval,DCWLOCNJVDYFMA,3,False,False
eval,NHNODHRSCRALBF,1,True,True
eval,VVDZZNWYISOIDK,1,False,False
eval,OWBAIJHXJULMDF,3,True,True
eval,WEJYNZVGAGTAKE,2,True,True
eval,QIEPESYLHXEYLK,2,True,True
eval,ZKFQEACEUNWPMT,3,True,True
eval,KDCCOOGTVSRCHX,3,True,True
eval,OKRNDQLCMXUCGG,2,True,True
eval,DPBYCORQBMMFJZ,2,True,True
eval,APGIPIWYVRPJKL,2,True,True
eval,UORGKBIHVJEQBO,1,False,False
eval,KQGDHYQRJRGMDG,3,True,True
eval,KLFIUQCKSSAFFU,1,True,True
eval,XNPVHIQPSAZTLC,2,True,True
eval,UPNWIBPHYOJXOA,2,False,False
eval,WVLHGCRWEHCIOT,3,True,True
eval,RCIAZDQVOCMCHH,3,False,False
eval,LEHOTFFKMJEONL,1,True,True
eval,YLCJNMGKCHGJRF,3,True,True
eval,AFCGFAGUEYAMAO,3,True,True
eval,NZRLODDQFPZTPM,3,True,True
eval,JWFCDGLPKVNFEN,2,False,False
eval,FZTCTTODSSJQQB,2,True,True
eval,WXTPOHDTGNYFSB,3,False,False
eval,NQUADVBAWMQDCB,3,True,True
eval,APZYKUZPJCQGPP,2,True,True
eval,RWHOZGRAXYWRNX,3,False,False
eval,SRRJCDUOSQWHGS,2,False,False
eval,DJJCXFVJDGTHFX,3,True,True
eval,LBQUZEGPLOWJBH,1,True,True
eval,LZGVQJDYLAUCGI,2,True,True
eval,PKZLCDIEFSFXDK,3,False,False
eval,ZFHBPZHOLGMDMW,2,False,False
eval,JLDQDLKBBDQYDE,2,True,True
eval,AIZFEOPQVZBNGH,3,True,True
eval,KSEBMYQBYZTDHS,3,True,True
eval,TXEAVXYHQMQTHQ,2,False,False
eval,HZFQJXUVAZJXLJ,2,False,False
eval,WRDDFOFFQDOVRV,2,True,True
eval,JFRZOWFDKVTWRL,2,True,True
eval,JYESOAFLKFHYHP,3,True,True
eval,FACUYWPMDKTVFU,3,True,True
eval,ZJFKKPDLNLCPNP,3,True,True
eval,JQPWYZMMVLNRCH,3,True,True
eval,HETZRHDDRHBPKX,2,True,True
eval,CSJPOEXQYWFUFT,2,True,True
eval,ZQLIAKJHIRHCFA,3,True,True
eval,UFUDXCDPABDFHK,1,False,False
eval,SSVHQKZUFBBLJY,3,True,True
eval,JTYYHSPDVLJFOJ,2,True,True
eval,AMKVXSZCKVJAGH,3,True,True
eval,SCYCMFQAMTUOEU,3,True,True
eval,KWBPKUMWVXUSCA,3,True,True
eval,BUYMVQAILCEWRR,1,False,False
eval,VBZSMBBOZFITID,2,True,True
eval,BKPFUQLDJWNCIK,2,True,True
eval,HPMRFMKYPGXPEP,3,True,True
eval,JFEFKYNVTFPFRI,3,False,False
eval,RSZDAYHEZSRVHS,2,True,True
eval,PBWOIPCULUXTNY,2,False,False
eval,QPMKRRUDQIKGNH,3,True,True
eval,YMHOBZXQZVXHBM,3,True,True
eval,URTPDSARMPGSPA,2,True,True
eval,BXEHUCNTIZGSOJ,2,False,False
eval,BGXFQDFSVDZUIW,2,True,True
eval,CWHFENCDPWUVOE,3,True,True
eval,ZSPZNFOLWQEVQJ,3,True,True
eval,GSBFARPNIZUMHA,2,True,True
eval,HVXXOIGTXJOVON,2,True,True
eval,HZGGHVGIXDRDDH,2,True,True
eval,OXGUCUVFOIWWQJ,2,True,True
eval,WWNYZTBMVRRLJM,3,True,True
eval,JMIBHWXICSSLDW,3,False,False
eval,BXZJZDQDHHZIIB,2,True,True
eval,DTNGBIGBPPPNNB,1,True,True
eval,UZYZCCWBBBCDAD,2,False,False
eval,ZHVAHWMKMXITOD,1,False,False
eval,VMWUXSVSQGMOLS,3,True,True
eval,SXHJWBRJNQZWBI,1,True,True
eval,DYKFCLLONBREIL,2,True,True
eval,NOOJQDXMGLPOOA,2,False,False
eval,JRKSVIUQRJEQDF,3,True,True
eval,IVXSXOFPZFVZTM,2,True,True
eval,WPMJNLCLKAKMLA,3,True,True
eval,YSGQGNQWBLYHPE,2,False,False
eval,JJHHIJFTHRNPIK,2,True,True
eval,BZQRJBLJDFPOBX,3,False,False
eval,TXXWXESCAGCJAD,3,True,True
eval,FCANTWZHYAQEKU,3,False,False
eval,FWHAYHIGJSFGKO,1,True,True
eval,AOMRFBUBFPUMQG,2,True,True
eval,JECOCDKQCZSANH,1,True,True
eval,ANVAOWXLWRTKGA,3,False,False
eval,QHZLMUACJMDIAE,2,True,True
eval,YRWXPMXSOIZLLX,3,True,True
eval,BLTCBVOJNNKFKC,3,True,True
eval,RRVQWUQWPISZCH,1,False,False
eval,CPAITHGIZYENCB,3,True,True
eval,OXQSHEREUUUCEE,3,True,True
eval,VRYZQXKLNLFTAI,2,False,False
eval,AQFWYTNPVDQLGS,3,False,False
eval,AMOGMTLMADGEOQ,2,True,True
eval,IEQXMKLSFWMELP,1,True,True
eval,RWIFCBRKLSVYBB,3,False,False
eval,MVGSNCBCUWPVDA,3,True,True
eval,UMCBDWHORFFLCD,2,False,False
eval,WSUMGSSXAHYOFH,3,False,False
eval,GSXOAOHZAIYLCY,3,True,True
eval,OZWKMVRBQXNZKK,2,True,True
eval,RGWHQCVHVJXOKC,3,False,False
eval,NITYDPDXAAFEIT,2,True,True
eval,LWXJBFFPVPUUSL,3,False,False
eval,XJMPAUZQVRGFRE,2,True,True
eval,QZJVBGCZOLNWHW,2,False,False
eval,QZSMPWVATGOHPH,1,False,False
eval,KIENONKNUZTGNQ,1,True,True
eval,MPHPHYZQRGLTBO,2,True,True
eval,RTYOLBQXFXYMKY,2,True,True
eval,KKNYIFDIQAVMQG,2,True,True
eval,IBALRBWGSVJPAP,2,False,False
eval,FCFNRCROJUBPLU,1,False,False
eval,SMFXSYMLJDHGIE,2,False,False
eval,WDIQXKYUSINZME,3,False,False
eval,KYRSNWPSSXSNEP,3,False,False
eval,RYVGCUJETSKZDU,2,True,True
eval,AMEWZCMTSIONOX,3,True,True
eval,OGRXKBUCZFFSTL,3,True,True
eval,MNLGBRDSLUAKRO,2,False,False
eval,MYHXHCUNDDAEOZ,3,True,True
eval,QUCKZYFUROTIBC,2,False,False
eval,QQJDHWMADUVRDL,2,False,False
eval,YTZSBJLNMIQROD,3,True,True
eval,POCJVFDFEBOVMF,3,True,True
eval,QJHCTHPYUOXOGM,3,True,True
eval,MVMQESMQSYOVGV,1,False,False
eval,KCMWOWTUEWHAMM,2,True,True
eval,GROMEQPXDKRRIE,3,True,True
eval,HKIKAXXIWJHWLY,3,True,True
eval,YNHVZXATNGMVNC,3,True,True
eval,NTHMDFGHOCNNOE,3,True,True
eval,SVCPILBFQWTZFW,2,True,True
eval,OVCDSSHSILBFBN,1,True,True
eval,OMICQBVLCVRFGN,3,True,True
eval,TVFMXYDXPCLOEQ,2,True,True
eval,HTULNBQKFKMRAH,3,False,False
eval,PBEDWPIWZYHNPL,2,False,False
eval,TZFWDZFKRBELIQ,3,True,True
eval,OAFXTKGAKYAFSI,3,False,False
eval,MSWZFWKMSRAUBD,3,True,True
eval,ZWQUPIDNCOVROC,3,False,False
eval,RWVJYKHAFMWADK,1,False,False
eval,REUGOQDHLPXDSB,2,False,False
eval,AZZVIICXENBKAB,2,True,True
eval,GJYBMGDRIGIOBX,2,True,True
eval,UORQJKKOBXSGRG,2,True,True
eval,FTEWYGPKBUSJTI,2,True,True
eval,NCGFVCSHBVQLHK,3,False,False
eval,DSOWUEHXZJUNID,2,False,False
eval,SMKRKQBMYOFFMU,2,True,True
eval,MDAUFUALHVJQPD,2,True,True
eval,UPCIFQHZBUREPV,2,False,False
eval,PXNSPZIJUVZDBI,1,True,True
eval,SHIZRFSRTKXRQL,3,False,False
eval,YOSAXDOXINGSJA,2,True,True
eval,MUWOPMUWBVOVID,2,False,False
eval,YRKLGWOHYXIKSF,3,True,True
eval,KHWHODOWEXOYIJ,2,True,True
eval,MBYYMZUVLLYROS,3,False,False
eval,QPQRGIHXJVTGCW,2,False,False
eval,GRVRRAOIXXYICO,3,True,True
eval,DXRRYTCUQOXXIL,2,True,True
eval,DLSUXMZHOIJLGM,1,True,True
eval,ZZGVJHSBRGZEML,3,True,True
eval,HUDBDWIQSIGUDI,1,True,True
eval,LEOHDQKUMQKLMP,3,False,False
eval,DPFSNFFFCPHBOW,3,True,True
eval,KZTNBUSIRSVZGK,2,True,True
eval,PGYQQEYWYHVHOW,2,True,True
eval,OIDYMQICWGYEDR,2,False,False
eval,AKNHFZVXJDNNJF,3,True,True
eval,VDJHFHXMUKFKET,2,True,True
eval,OLBVCMYKIIQLQT,2,True,True
eval,LJBBMCNHIUJBDU,3,False,False
eval,FNIDWIWVIDQZRV,3,False,False
eval,VHGCDTVCOLNTBX,2,True,True
eval,BWSGVXGTFNCUBB,3,False,False
eval,PEYODCCEJQCEBL,2,True,True
eval,STJLVHWMYQXCPB,2,True,True
eval,HQXAVJAVLMJBRC,2,True,True
eval,BDDRVKWDFUPFJD,2,True,True
eval,XTLHEUFWRQKNNG,3,True,True
eval,OFSZOCPGPLMCBG,2,True,True
eval,WDHUSHSLPTXJOZ,1,False,False
eval,BHYCLFCOZPICKT,3,True,True
eval,RCZMWVKBVFOCEE,1,True,True
eval,PYVRVRFVLRNJLY,2,True,True
eval,QCHFTSOMWOSFHM,1,True,True
eval,OKJHGOPITGTTIM,3,False,False
eval,GAAPPIKAFNZRLA,2,True,True
eval,SLWJVQQNDGLXTK,1,True,True
eval,MRDQSOZRIXPBPM,3,True,True
eval,NIGWMJHCCYYCSF,2,True,True
eval,IMMADCCLTPCOKH,2,True,True
eval,XJNQXTISSHEQKD,2,False,False
eval,CXGZFWPMXPAZEA,1,False,False
eval,SCNILGOVBBRMBK,2,True,True
eval,AFLNGLSTOJPKJJ,2,False,False
eval,SYYBDNPGDKKJDU,1,True,True
eval,NJLUHFDDAQPMDI,2,False,False
eval,RQDVJSDWJAIKOJ,2,True,True
eval,MDJQWFFIUHUJSB,2,True,True
eval,SNCVSGFALWTXMM,1,True,True
eval,MQSXZQXHIJMNAF,3,True,True
eval,NFPWPUKNJIRZPK,2,False,False
eval,ULBIMFHIPUGBOI,3,False,False
eval,LPRAEKVSUWNMQU,3,False,False
eval,IKUQEFGEUOOPGY,3,False,False
eval,JRCZTCGPEBCBPF,3,False,False
eval,JJEDRQBBRDBTRN,3,True,True
eval,NGPDQWFWZNXVLZ,1,True,True
eval,QHOQHJPRIBSPCY,1,True,True
eval,WBIPQNHZBSDIPU,3,True,True
eval,IXWWTVSMMIIIFZ,2,True,True
eval,RPJZYOHZALDGKI,2,True,False
eval,AHTIKTYAZWVOGR,1,True,True
eval,HPNSFSBZBAHARI,2,True,True
eval,LFRFNLMDZHTVHB,3,False,False
eval,FVMUXMFNDQLEAU,2,False,False
eval,FPSPNNCKALEKTN,1,True,True
eval,OVBPIULPVIDEAO,3,True,True
eval,PQKBPHSEKWERTG,2,True,True
eval,LFMFFFFYZMXHNI,3,False,False
eval,RDUAKQUSLVHHOC,3,True,True
eval,AKUOSFHZSPFGEP,2,True,True
eval,RERZNCLIYCABFS,2,True,True
eval,SQOJOAFXDQDRGF,2,True,True
eval,SKHJNNFXCKTDBG,3,True,True
eval,LUCHPKXVUGJYGU,1,True,True
eval,MZFHPXNJDRKZLZ,2,True,True
eval,PRQWQWSKFNQAOG,2,True,True
eval,VYYHGKQKCBDQKO,2,False,False
eval,RZFIXPBHLZLWBA,3,True,True
eval,HQNACSFBDBYLJP,2,True,True
eval,WRRZKDVBPZBNJN,2,True,True
eval,OOEOVXMORBPOKC,2,True,True
eval,XXEPPPIWZFICOJ,3,False,False
eval,JOOXLOJCABQBSG,3,True,True
eval,NXFICBFQXYEHSU,3,True,True
eval,JEKMKNDURXDJAD,3,True,True
eval,KJDCENXZHMAYTN,3,False,False
eval,BSZLLSHGSWKZRE,3,True,True
eval,CVEQISBYHSILGF,2,True,True
eval,QMKNKUCTQSRDGU,2,True,True
eval,FZHXIRIBWMQPQF,2,True,True
eval,SUYVUBYJARFZHO,2,True,True
eval,VZEJFGXIOVVAES,2,False,False
eval,XSAACZDYCQIFPG,2,True,True
eval,GHXSYXQURAMQQE,3,False,False
eval,JLFOTJPFBATTLK,2,False,False
eval,PFTQIVMILQKDQN,2,True,True
eval,AKYKYHKJUHUACD,2,True,True
eval,IHCPDBBYTYJYIL,3,True,True
eval,WTFXTQVDAKGDEY,3,True,True
eval,UUPFPLJLQPYEKS,3,False,False
eval,DWNZYUCWYBDRIX,2,False,False
eval,HWMMWMJBUOCCFZ,2,True,True
eval,LNHWXBUNXOXMRL,2,True,True
eval,QLTCHMYAEJEXBT,3,False,False
eval,YUQDHODIJULBAQ,3,True,True
eval,SATGKQGFUDXGAX,1,True,True
eval,BNZZZUQOYBAEPR,3,True,True
eval,FPIVCKLVSVCJHW,1,True,True
eval,IWHQWCUADMOONN,1,False,False
eval,HRISLEUGLBNLRB,3,False,False
eval,OXNYNKGAOAFFBD,1,True,True
eval,AFSDNFLWKVMVRB,2,True,True
eval,BGCNHXQQGSIHRP,2,True,True
eval,MLTVHORGISIISB,2,True,True
eval,GKLSYIMLZDYQBJ,2,False,False
eval,CPHZVLHSTZSKKX,2,True,True
eval,ZZDSOWSESREIGP,3,False,False
eval,NBSCHQHZLSJFNQ,3,True,True
eval,AUFUWRKPQLGTGF,2,True,True
eval,KXUJXPZXILTXDA,1,True,True
eval,HZXUEWPTAWEJHC,1,True,True
eval,RLAKWLFUMAABBE,2,True,True
eval,CMEYODOSAQTQFO,2,False,False
eval,YFBPRJGDJKVWAH,3,True,True
eval,VCKPUUFAIGNJHC,2,True,True
eval,CMHCOGHTKXUQKW,1,False,False
eval,MZJUGRMCXKZMOG,3,True,True
eval,MQUQKIFKNUZAPC,3,True,True
eval,JDTUMPKOJBQPKX,1,False,False
eval,AQVOANKSGFAANH,2,True,True
eval,JOLITHWHEFIGDT,2,True,True
eval,YAXAQXBFDAJGGS,3,True,True
eval,KISJFUMXCJBLJV,3,True,True
eval,SJNRYASCJOVKHZ,3,True,True
eval,ZYYNEJWFGGVJQZ,1,False,False
eval,RTKIYFITIVXBLE,2,True,True
eval,QPCYNIYZPDJCMB,3,True,True
eval,GRZRQKSQIMICPO,2,False,False
eval,BJXQFQDUJVIUAH,2,True,True
eval,FYRDRWHCLLNEML,1,True,True
eval,CBOMORHDRONZRN,3,False,False
eval,MTCXQQINVAFZKW,3,False,False
eval,SMLUHOHPDVBXKH,2,False,False
eval,GNMSLDIYJOSUSW,2,True,True
eval,UXNQBNHINOSGKB,3,True,True
eval,GFQRPXMWTUUBTN,2,True,True
eval,GFERNZCCTZEIET,1,True,True
eval,CNDGPTOBKYTGSG,2,True,True
eval,BBQOSPPWYMINSN,3,True,True
eval,YQWATTVJPRZZEE,3,False,False
eval,FELGMEQIXOGIFQ,3,True,True
eval,GHCZAUBVMUEKKP,3,True,True
eval,XTVNYVWMSJMVGI,2,True,True
eval,KGQMQNPFMOBJCY,2,True,True
eval,BDCURAWBZJMFIK,1,True,True
eval,XAQHSTCVGOTLHK,3,True,True
eval,WPKQVDYSPWCVGM,2,True,True
eval,UQRORFVVSGFNRO,1,True,True
eval,ZXBFYBLSJMEBEP,2,True,True
eval,ARJXIGOIOGJAKR,2,True,True
eval,OIRFJRBSRORBCM,1,True,True
eval,BKUKTJSDOUXYFL,3,False,False
eval,LCCNCVORNKJIRZ,3,True,True
eval,KYVUMEGNMQDSHO,3,True,True
eval,MBMQEIFVQACCCH,3,True,True
eval,FZVOBDJBRIEKPS,1,True,False
eval,ZLRHCSCBOSNBCZ,2,False,False
eval,UOBGWTOQZALQPG,3,True,True
eval,LWGUASZLXHYWIV,3,False,False
eval,FNYLWPVRPXGIIP,2,True,True
eval,ASEYQCQECHXIFA,1,True,True
eval,MPUKHERSKPLKHP,2,True,True
eval,RBBVPNQTBKHOEQ,2,False,False
eval,JOBMMOBXVRRLOS,3,False,False
eval,MQFLXLMNOHHPTC,2,False,False
eval,FNDTZZIWWYSDAH,1,True,True
eval,JCUJHHAQRQYQRF,2,True,True
eval,OHCQJHSOBUTRHG,3,True,True
eval,NETXMUIMUZJUTB,2,True,True
eval,MHGLNDDJLDJDBG,2,True,True
eval,FVNFBBAOMBJTST,1,True,True
train,MDKCFLQDBWCQCV,3,True,True
train,GNITWRJZRGPYKV,1,True,True
train,QJVOZXGJOGJKPT,2,False,False
train,GWKIPRVERALPRD,2,False,False
train,KXBZBBGZKWRRHH,1,True,True
train,CGAALQATDWOQFD,3,False,False
train,KGNAXTMQQANFON,2,True,True
train,GSAWBDXYMSQMRT,1,True,True
train,FPBPLBWLMYGIQR,2,True,True
train,GLMFFCVWRKKBJB,1,True,True
train,LSBJTVIEPWWPPW,2,True,True
train,IROINLKCQGIITA,1,True,True
train,UNCMRQFSKAVFQU,3,True,True
train,KPCWWZLBHGSXPW,3,True,True
train,APOLYTJSSKGYDB,3,False,False
train,HJDYJUQFSIJNGA,3,True,True
train,BAZGVDKAIHZPOH,2,True,True
train,UMVGVJGZMKQXJC,3,False,False
train,IXQBRUSHWUDFSM,3,True,True
train,ZMTYENXGROJCEA,3,True,True
train,HACHOOOQCLDTSB,3,False,False
train,TTZWEOINXHJHCY,2,True,True
train,VLLFEMVDMFTBHG,2,True,True
train,ADOHASQZJSJZBT,1,True,True
train,CDZUQIFWCXAIFB,3,False,False
train,WIIZWVCIJKGZOK,2,True,True
train,LCOVYWIXMAJCDS,1,False,False
train,FRPVVBUDVXSUGF,3,False,False
train,WGNDRSIKIXVFLD,2,True,True
train,MVDFTRYOOPZXII,3,False,False
train,LAVJUISMIZTLGI,2,True,True
train,DRWAFTJWJQAXRC,3,True,True
train,XFDXCPWHJLFQPM,2,False,False
train,LDCABCUQAIBQFL,1,True,True
train,IDGXIXSKISLYAC,3,True,True
train,UJEWTUDSLQGTOA,2,True,True
train,JSLBEJMNMZJONS,3,True,True
train,PTQFQYKDIQOOMX,1,True,True
train,YFNPRWZVZFBBMG,2,True,True
train,RFDMNXDDRXVJTM,2,False,False
train,MHJYRHBCBPGGHL,1,True,True
train,YXMZUGRMRIHNJM,2,False,False
train,BZYKNVLTMWYEFA,2,True,True
train,ULOAWPSYNSJWGI,2,True,True
train,SNWQKAWITMVCQW,2,True,True
train,HHSKNLJWHGXWPK,2,True,True
train,DGGHVFUGMGGLON,2,False,False
train,VOWAEIGWURALJQ,3,True,True
train,HPPOQVMYMMZSHW,2,True,True
train,UVTHWNXXULCBGA,2,True,True
train,FUBVFOMIYZMXCB,2,False,False
train,LJVKMVSYTWPNGA,2,True,True
train,GBOAMMYQACWYNB,2,True,True
train,CYESCLHCWJKRKM,2,True,True
train,ZNYZPDGJGQZDPM,1,True,True
train,JWFHAILNLSSNDW,2,True,True
train,OXWWDAFCLOTROR,2,True,True
train,UPWGQKDVAURUGE,3,False,False
train,VUGRLRAUZWGZJP,3,True,True
train,VAWMHRKGQOLSLO,1,False,False
train,MRIXVKKOHPQOFK,2,True,True
train,JRRUSQGIRBEMRN,2,True,True
train,JSLJRLSXMPKMLE,1,True,True
train,KHQNSSJNIXVKMK,1,True,True
train,BISQPGCQOHLHQK,2,False,False
train,LETLXEQFYFDEOJ,1,False,False
train,KPJZHOPZRAFDTN,3,True,True
train,ILJOYLTXYCZXTB,3,True,True
train,CRUHDGOVWKFJBM,3,True,True
train,HTORKLPLHJXOOZ,3,False,False
train,IMYZQPCYWPFTAG,3,True,True
train,YASYVMFAVPKPKE,3,True,True
train,HEZNVIYQEUHLNI,3,True,True
train,WLKCSMCLEKGITB,3,False,False
train,BFPYWIDHMRZLRN,2,True,True
train,MMXZSJMASHPLLR,2,True,True
train,JEEMMQUVRFTVSG,1,False,False
train,ZBBHBTPTTSWHBA,3,True,True
train,INIPQDKLXQHEAJ,1,True,True
train,UTGDZOIOODXGAH,3,False,False
train,CADNMISJDLVPCK,3,True,True
train,CZPILLBHPRAPCB,2,False,False
train,KPYSYYIEGFHWSV,3,True,True
train,VNENVWDUOMPKJV,3,False,False
train,QQRSPHJOOXUALR,1,True,True
train,FZHZQHNKCPJTNQ,2,True,True
train,QIEOAEKNEKYVTH,2,True,True
train,MHVKIFFTUGYXIJ,1,False,False
train,DBUCFOVFALNEOO,2,True,True
train,RKAXEWSQYMGBAP,3,False,False
train,KCONDBXZKOOFTP,3,False,False
train,USZYSDMBJDPRIF,1,True,True
train,AFDANKUHSLVEBJ,2,True,True
train,PZRHRDRVRGEVNW,3,True,True
train,CWAXZXSFUDEMIX,3,False,False
train,LTZVLHHIAUKGBP,3,True,True
train,BMRVNZZVDSVOQG,3,True,True
train,RJANATGWWPNKAL,2,True,True
train,OOKSNNJCBKFTNL,2,True,True
train,FBPFZTCFMRRESA,3,True,True
train,RDJXPXHQENRCNG,1,True,True
train,QWIZNVHXZXRPDR,3,True,True
train,UWOSPUSBILRKLD,2,True,True
train,VQHYUBJDKHMCEY,3,False,False
train,ZYTHYMZQQBWDDS,2,True,True
train,WPRYXHDMUFXECU,2,True,True
train,KGEKLUUHTZCSIP,2,True,True
train,GEORQWYNEZQNBV,2,False,False
train,QXDIHIOKSGGXLD,2,False,False
train,DBZQFUNLCALWDY,3,True,True
train,YWEIHGYPWBJOHR,3,True,True
train,OSYQOBUUFRGFNG,2,True,True
train,VJGGHXVGBSZVMZ,2,False,False
train,SJNRYASCJOVKHZ,2,True,True
train,COLNVLDHVKWLRT,3,True,True
train,BXPBSBBFPNTFFT,2,True,True
train,AHYHTSYNOHNUSH,1,False,False
train,CWEBXGYZIMRIBG,2,True,True
train,QGMUCGXWCKWHRJ,2,True,True
train,RLICJCDEGQJEKW,3,False,False
train,FJQKXKNZQQBTDD,3,True,True
train,YMYRNIMWOZETPY,2,False,False
train,ILPWPPGIUHLOBB,3,True,True
train,RZYVIJMOXIGQRX,1,False,False
train,PQEJFUBUHJLOSG,2,True,True
train,UBCAPJGELHAUQV,1,False,False
train,UGQMRVRMYYASKQ,2,True,True
train,RGYOJPRQLDKJGK,2,True,True
train,ODXHCQRPIURWTJ,2,False,False
train,OKJVOMAJPDVZJV,1,True,True
train,SPCJQQBYWVGMQG,2,False,False
train,COKMIXFXJJXBQG,2,True,True
train,YCHNFUWRXHTAFK,3,False,False
train,YJSHRIGISKAHBT,2,True,True
train,BQOZGVUGFRSHPA,2,True,True
train,WPGGHFDDFPHPOB,1,True,True
train,FEZDDTIDMGTSLT,2,True,True
train,IUMDBPMWPHHBDU,3,False,False
train,OTDSQLNKKIPGLS,2,True,True
train,BUWARJBQHWMPTL,2,True,True
train,ZVLQJRXSGVAHOI,2,True,True
train,JBSCMIAEEWZQBR,2,True,True
train,ZNOIOLWTHOFTSX,3,False,False
train,OVVWPYNVWLHEGE,1,True,True
train,DVFUJWFVDJAVKO,1,True,True
train,DAPLORBFRRJHHY,3,False,False
train,OLFRCQFNQXYDGW,2,True,True
train,TVEOPNILOUOYOZ,3,True,True
train,NXJLRTWACLZUAZ,3,True,True
train,DZOVBAVEJYPSLL,2,False,False
train,XGWYBQCOZNQQHX,3,False,False
train,YXPVYQIMXPYFSF,3,True,True
train,IKACRWYHQXOSGM,3,True,True
train,OXVUXGFZHDKYLS,2,True,True
train,LDEKQSIMHVQZJK,3,True,True
train,VNDHBRBARIICNH,3,True,True
train,VYPZDXUVRGZVSW,2,True,True
train,OBCXFGSXYMMSNQ,3,True,True
train,JBCBRQWZEJZJJP,2,True,True
train,MAUCONCHVWBMHK,3,False,False
train,YBWITEZBUYUNFC,1,False,False
train,CVAVMIODJQHEEH,3,False,False
train,ASTZXVSQSSBFOS,1,False,False
train,FCCNKYGSMOSYPV,2,True,True
train,BDWXGEIHUXSMQS,2,True,True
train,ZLIYAXUPOBJNFP,1,True,True
train,SPUUWWRWIAEPDB,3,True,True
train,KQTXUHHOWJUFOZ,1,True,True
train,WDOGQTQEKVLZIJ,2,True,True
train,YMEAIOHYSIGDJY,3,True,True
train,DVEHRCKXTZYDME,1,False,False
train,MDNWOSOZYLHTCG,2,False,False
train,MVMSCBBUIHUTGJ,2,True,True
train,GWOZWWNUSXSLBU,2,False,False
train,MTVWFVDWRVYDOR,3,False,False
train,YQEZLKZALYSWHR,2,True,True
train,ZJSJQWDXAYNLNS,2,True,True
train,IRSUXHBCTWMHAK,3,True,True
train,FXMSWDFGLPNXHJ,2,True,True
train,PFWQSHXPNKRLIV,3,True,True
train,WVYOVLOAXIHCDB,3,False,False
train,JMCQSLSABBLTGP,3,False,False
train,SDTFURCSGWUESP,1,True,True
train,QRAZUCRROOPZGW,2,True,True
train,BDGOANHBKYFDGC,2,True,True
train,NCCWCZLEACWJIN,2,False,False
train,VAXDAORNOMZREO,3,True,True
train,JPCJYZZUEISJGO,2,True,True
train,JSPGKOBNHWTKNT,2,False,False
train,JJJPNTQYUJPWGQ,2,True,True
train,YMNCVRSYJBNGLD,3,True,True
train,BRJNQOSDCDNITN,1,False,False
train,VJNXGGVCMFEVSM,2,False,False
train,JTLPHVAPUJVXEJ,3,True,True
train,YPZRHBJKEMOYQH,2,False,False
train,DSIVFFWGRJVLEK,2,True,True
train,WACBUPFEGWUGPB,3,True,True
train,ORRFIXSGNXBETO,2,False,False
train,RCZMWVKBVFOCEE,3,True,True
train,FQTGLAHXUFXARQ,1,True,True
train,AYQMENXVDLFJKG,2,True,True
train,APODVSVTRILENH,3,False,False
train,BETRPSLREOEBMM,1,True,True
train,GOJCZVPJCKEBQV,3,True,True
train,LCCNCVORNKJIRZ,1,True,True
train,DDSFKIFGAPZBSR,2,False,False
train,JMBKXUYCBVKSSY,3,False,False
train,HMBDLBWGDMNPDW,3,False,False
train,COSICWYFCAPPJB,3,True,True
train,JZFSMVXQUWRSIW,3,False,False
train,KZNIFHPLKGYRTM,3,True,True
train,OLBVCMYKIIQLQT,2,True,True
train,JKEJEOJPJVRHMQ,2,True,True
train,SGEGOXDYSFKCPT,1,True,True
train,NLTOTZSPOYWSSP,3,True,True
train,INBGSXNNRGWLJU,2,False,False
train,AVRFPRAAVSCSSZ,2,True,True
train,QEOWCPFWLCIQSL,3,True,True
train,VYRAJOITMBSQSE,2,True,True
train,DBCVUIBEXPYXAJ,1,False,False
train,UZQBOFAUUTZOQE,2,True,True
train,XTPOZVLRZZIEBW,3,True,True
train,RMIQIULKBBCLIL,2,True,True
train,WSRCOMOWYVKWBE,3,True,True
train,LZDLOICWXKFSMI,3,True,True
train,AUNUZTMVWMIQKY,3,False,False
train,NOOJQDXMGLPOOA,3,False,False
train,XVAYDAQDXIWIQD,2,False,False
train,NITYDPDXAAFEIT,3,True,True
train,FHQSDRHZGCMBKG,3,False,False
train,IOJCAEBIAPRCCI,2,True,True
train,IXMZEPKYPFQFJN,2,True,True
train,ZUXLIBRTWRBKLQ,2,True,True
train,KZBMBIHZXUQFOR,3,False,False
train,FEOYRZYUONWQSO,2,True,True
train,GSZHLMQLGPEBEJ,3,False,False
train,AIXMJTYHQHQJLU,2,True,True
train,WPNJAUFVNXKLIM,3,True,True
train,ZMOPRUXYEWGUAU,2,True,True
train,WDQPAMHFFCXSNU,2,True,True
train,UTRJNVUJZHUXNP,2,True,True
train,VPPJLAIAVCUEMN,3,True,True
train,BIXYYZIIJIXVFW,2,True,True
train,VNGOYPQMJFJDLV,2,True,True
train,WOFMFGQZHJDGCX,3,True,True
train,AZZVIICXENBKAB,3,True,True
train,JROFGZPOBKIAEW,3,True,True
train,MORLNMAFXVHNAI,3,True,True
train,BDJRBEYXGGNYIS,2,True,True
train,BNVLXJXRCARHAN,3,False,False
train,VAYRSTHMTWUHGE,1,True,True
train,FNLMCNKPGGHKQL,3,False,False
train,UNSNHLHMJSQMSO,3,True,True
train,QBUOTXXACHDTNW,2,False,False
train,KKSJUZYYCHNUSC,3,False,False
train,DWFZBUWUXWZWKD,3,True,True
train,JUSFMNAZAGJNRN,2,False,False
train,FHEPEWKHTOVVAT,2,False,False
train,TVDMUSYVWJLIDK,3,True,True
train,WJMMBVSOQPALFO,3,True,True
train,KEGAETFXPFKWFT,3,True,True
train,ARQXTWGOJYMQRC,3,False,False
train,VPAYQWRBBOGGPY,2,True,True
train,LQBVNQSMGBZMKD,2,True,True
train,XHNHVLOJRORARF,2,False,False
train,KCXYPLXAEGBBBO,2,False,False
train,VELYAQRXBJLJAK,1,True,True
train,YFIMUDXPJZVJJO,3,True,True
train,HVBACKJYWZTKCA,1,True,True
train,UTOPWMOLSKOLTQ,1,False,False
train,SVXJDTNFJXKATR,3,True,True
train,CLWOXNLVWMXBRD,3,False,False
train,CMBHKSKRJUUOQH,2,False,False
train,XTRKZMFPKIQAIJ,2,False,False
train,ZMCWALAQRPULMT,2,True,True
train,VNBUMBNLPGLBML,2,True,True
train,SHJZLGVIOYFHCB,1,True,True
train,IKMDFBPHZNJCSN,2,True,True
train,XKFTZKGMDDZMJI,1,True,True
train,YEHCICAEULNIGD,3,True,True
train,WLRXMMDATRQQNQ,2,True,True
train,OFXQTTQOWIQPTN,2,True,True
train,MINDHVHHQZYEEK,2,True,True
train,OWODMVTTWPVWQA,2,False,False
train,NTSAVLDATFYUQZ,1,True,True
train,DVPIWRLXQQULKC,3,False,False
train,JDPIYAUUXXERCL,2,True,True
train,SYGQXRLXOOXDRP,3,True,True
train,ZCBNZTSUROPRKE,3,True,True
train,HLYSUPRTSCOCTI,3,True,True
train,JAVWFBAAZSHHAD,3,False,False
train,KVZUCOGWKYOPID,2,True,True
train,NVRMYKCCULLFNQ,1,True,True
train,AZKQDXZMKREFDY,3,True,True
train,YTAGQSULOHKBPZ,2,False,False
train,LOFYFDPXORJJEE,2,True,True
train,MUYJSOCNDLUHPJ,2,True,True
train,RLLCWNUIHGPAJY,3,False,False
train,MDHYEMXUFSJLGV,2,True,True
train,OLXZPDWKRNYJJZ,2,True,True
train,JIEKMACRVQTPRC,2,False,False
train,MPSNEAHFGOEKBI,2,True,True
train,GDTQLZHHDRRBEB,3,True,True
train,VAXDAORNOMZREO,3,True,True
train,OIURYJWYVIAOCW,2,True,True
train,FKHYYOUFMJBLAF,1,False,False
train,HXPYADVNHOGEER,3,True,True
train,LIGLPZJMSAQJSF,2,False,False
train,PUHCFWFODBLSAP,1,True,True
train,FUWUEFKEXZQKKA,2,True,True
train,VMZMNAABQBOLAK,2,False,False
train,CJTFTLNERNIELR,3,True,True
train,IKYPEGVINGQGGO,2,True,True
train,MMAYTCMMKJYIAM,3,True,True
train,XNPVHIQPSAZTLC,2,True,True
train,KKAMOXGUTPOGNY,2,True,True
train,XLHIYUYCSMZCCC,2,True,True
train,ZFOBGKZKFOAYTR,3,True,True
train,KGVCSBBXRPOCSZ,3,True,True
train,JNARJHDJLSPXGM,3,True,True
train,VOJAALAAOYUSCT,3,True,True
train,KZXDKUWSAVUSKI,2,False,False
train,AERBNCYCJBRYDG,2,True,True
train,NPPQSCRMBWNHMW,2,True,True
train,NHYVXCRVHXDMKU,3,True,True
train,VXDAVYUFYPFGDX,1,False,False
train,ZEUQOKOKLZTLSB,2,False,False
train,CLSVJBIHYWPGQY,3,True,True
train,YONOBYIBNBCDSJ,2,False,False
train,VSRXYLYXIXYEST,2,False,False
train,PFDGTTDLWWKNMI,2,False,False
train,JYRLHZSQUXTFGH,1,True,True
train,CEDINFOMXSQPIQ,2,True,True
train,IGEMCFUXXCCYPI,2,True,True
train,SSQMYHQHWMKUFY,3,True,True
train,QXHHHPZILQDDPS,3,True,True
train,LDVSKUDVSXXLAQ,2,True,True
train,DRLAPUYORJAEHQ,3,True,True
train,RDFLLVCQYHQOBU,2,False,False
train,SZVZHAIFWPRDNE,3,False,False
train,RCWNBHCZYXWDOV,1,True,True
train,BSATYPPYQRYOBE,2,True,True
train,ZJFKKPDLNLCPNP,2,True,True
train,JKQCGVABHHQYKQ,1,False,False
train,QKJALQPLNMEDAV,2,False,False
train,FEGXTMHRTZJSIG,3,True,True
train,YOPVXOUHYSYHKL,3,True,True
train,BBEAQIROQSPTKN,2,False,False
train,ZLAQYJKDQSZARB,3,False,False
train,KPVIXBKIJXZQJX,1,True,True
train,CEUORZQYGODEFX,1,True,True
train,PBBGSZCBWVPOOL,1,True,True
train,KTHADMDGDNYQRX,3,True,True
train,PMTMAFAPLCGXGK,3,True,True
train,CPHXGYQLOSNELY,2,True,True
train,LYGRISUQIZNHGM,2,True,True
train,AMKOUQLHUASJMB,3,True,True
train,LCCNCVORNKJIRZ,2,True,True
train,XRCGDEXZISQQTC,3,True,True
train,VFGMQJPLRWLTQM,3,False,False
train,LUNCZNVVYHFMOQ,2,True,True
train,BIIVYFLTOXDAOV,1,True,True
train,BJWQSQOWGBUSFC,3,True,True
train,XDLYKKIQACFMJG,2,True,True
train,QXWPVMFVJXLDGH,2,True,True
train,ASZIGQFYGXSPCO,2,True,True
train,BZWHQGDEECXEJI,3,True,True
train,XXKFIILUUJFHPS,3,True,True
train,JBSCMIAEEWZQBR,3,True,True
train,BDYYDXJSHYEDGB,3,True,True
train,SGAYOTORECIFCJ,2,False,False
train,HWJBOELNKXRKJA,2,True,True
train,GLNDAGDHSLMOKX,1,True,True
train,IIBBFGMVMNZMGA,3,True,True
train,GRBTZPLUNSWVPO,3,False,False
train,NLXBYYROKNGJOC,3,True,True
train,SJWWTRQNNRNTPU,3,True,True
train,MXLWQNCWIIZUQT,2,True,True
train,XVECMUKVOMUNLE,3,True,True
train,SVCPILBFQWTZFW,2,True,True
train,WVHGFNNGQXYDIJ,3,True,True
train,XVMZDZFTCKLZTF,2,True,True
train,LXSVMCLLFGNHGU,3,False,False
train,TUGAUFMQYWZJAB,3,True,True
train,PFDCOZXELJAUTR,2,True,True
train,DGAIEPBNLOQYER,1,True,True
train,SMUUMIRCIBXLGI,2,False,False
train,KEYNBOUNPFJEST,3,True,True
train,NLIPFLQVQQSGQG,2,True,True
train,LRMWPUURCIXKOC,3,True,True
train,RXVLBDOYHGQIHF,2,False,False
train,FTAGQROYQYQRHF,3,False,False
train,RVMGXWBCQGAWBR,3,False,False
train,RXPRRQLKFXBCSJ,2,True,True
train,DVEHRCKXTZYDME,2,False,False
train,BSGBVUOHKNZIES,2,True,True
train,YBDIZQWDBBOOFB,1,True,True
train,ULFRLSNUDGIQQP,2,True,True
train,GHSJKUNUIHUPDF,3,True,True
train,VPAYQWRBBOGGPY,2,True,True
train,ZISDTRGMDDVTKY,1,True,True
train,DHNGCHLFKUPGPX,3,True,True
train,GGQVPULXXVQLRT,2,True,True
train,KQEADOUDJYBGFC,1,True,True
train,XQWLUDAZDUBMCD,2,True,True
train,BAWFJGJZGIEFAR,3,True,True
train,CHACNMULAGKUQN,3,True,True
train,OMICQBVLCVRFGN,1,True,True
train,CGKQZIULZRXRRJ,2,False,False
train,KHCCSRVJJDOANA,2,True,True
train,XNGXWSFSJIQMNC,1,True,True
train,MLBPVSCKTADTNR,2,True,True
train,VJVXQSFKTVUEFY,3,True,True
train,WNJSKZBEWNVKGU,3,True,True
train,QOXHBQOXXZSKON,3,True,True
train,UBAJTZKNDCEGKL,3,False,False
train,ZCCLDKGWJIREQF,2,False,False
train,IPKKHRVROFYTEK,3,True,True
train,OJWXCNKRIMWLSH,2,False,False
train,NHBNAMRVBWRRAL,3,False,False
train,MDECBZJUSDTBAX,1,False,False
train,DYHSDKLCOJIUFX,3,False,False
train,RYWOMIMQYQUGDB,1,True,True
train,CZCIKBSVHDNIDH,2,True,True
train,DXNCZXXFRKPEPY,3,True,True
train,TZLCZBLLJUXBSB,2,True,True
train,NHKCCADZVLTPPO,1,True,True
train,SQOJOAFXDQDRGF,3,True,True
train,WLJVNTCWHIRURA,2,True,True
train,WHEUWNKSCXYKBU,2,False,False
train,LMFKRLGHEKVMNT,3,True,True
train,FMDMLXZPCLVWSQ,2,True,True
train,KHJREOQCERRAME,3,True,True
train,TWLLPUMZVVGILS,3,True,True
train,FQZSMTSTFMNWQF,2,True,True
train,UMSGKTJDUHERQW,2,False,False
train,MQTOSJVFKKJCRP,3,True,True
train,ZUGCRBMNFSAUOC,3,True,True
train,UVTNFZQICZKOEM,3,True,True
train,XQFRJNBWHJMXHO,2,True,True
train,KMPAOJFBQSXEAI,3,True,True
train,MJPIXACTUMSGGI,1,False,False
train,DFJJAVZIHDFOGQ,3,False,False
train,CDCHDCWJMGXXRH,3,False,False
train,NWWZPOKUUAIXIW,3,True,True
train,SSXJHQZOHUYEGD,2,True,True
train,UCWMHVFXQNTJNR,1,False,False
train,ASGNCWOMXZKUJQ,3,True,True
train,JSPPDMSCDGJJOM,2,True,True
train,DDHXERAMOVJOAJ,3,True,True
train,DWHWGYILIWWFAI,2,False,False
train,CWXVIZDGZSQOSO,2,True,True
train,UGVIXKXYLBAZND,1,True,True
train,FCFNRCROJUBPLU,2,False,False
train,CAUANPLJFMVCHO,3,True,True
train,CNTMYVFPLVDMFY,2,True,True
train,MQXUOBANQWOATN,2,False,False
train,DZUMWIOUSTYKKH,3,True,True
train,HKXQUNNSKMWIKJ,2,True,True
train,GWTUHAXUUFROTF,3,True,True
train,UNAZAADNBYXMIV,2,True,True
train,SEEZIOZEUUMJME,1,False,False
train,LUMKFAALHXMJDY,2,False,False
train,BXXKQDBEWQIUBN,2,True,True
train,NCCWCZLEACWJIN,2,False,False
train,HOFMPCWXVPXFTB,2,False,False
train,YKIZOGMQIKZION,3,True,True
train,SIWOWUAUIFWBDY,1,True,True
train,KXUJXPZXILTXDA,2,True,True
train,DQWQITFUWFBXON,3,False,False
train,DEUCVOIWOGPZGS,3,True,True
train,ZAWRBZSIRVFBPV,3,True,True
train,CHMIQKBMAHSAPY,2,True,True
train,ADFIQZBYNGPCGY,2,True,True
train,HTIQEAQVCYTUBX,2,True,True
train,BFCDFTHTSVTWOG,3,True,True
train,SVEPZXBGWWNPEV,3,True,False
train,LLEBFOGPKXFKIL,1,True,True
train,WZHCOOQXZCIUNC,3,False,False
train,BLXXJMDCKKHMKV,1,True,True
train,KYSXDEQQOVVLIN,2,True,True
train,DSXFHNSGLYXPNG,3,False,False
train,LKPQNZRGGNOPPU,1,True,True
train,JWSADSZPLGCVPA,3,True,True
train,OUYCCCASQSFEME,1,True,True
train,FYJOVKRHRUYSLY,2,True,True
train,LEGPZHPSIPPYIO,2,False,False
train,IGMNYECMUMZDDF,3,True,True
train,LBBFOWQGVUEADU,2,False,False
train,RAPBJBKXYYMYAY,3,True,True
train,NLZVTPYXYXMCIP,2,False,False
train,WFZDQZHEMCUHBQ,3,True,True
train,IXMVCKVQOAGJGJ,1,False,False
train,KSDGEPQEFBVELT,1,True,True
train,SDIGNZADDDFEPI,2,True,True
train,CFMYXEVWODSLAX,3,True,True
train,QEJIXVVELVKWFA,1,False,False
train,NPELAMJIYLFQEL,2,False,False
train,FURYXBSHROYTFT,3,True,True
train,NNJMFJSKMRYHSR,1,False,False
train,RYVPKPNOVYCJAP,3,True,True
train,RQSKYECJFBMMPK,3,False,False
train,RJJDPKDKAKXJTE,3,True,True
train,QZAXKZRZMAXPSF,3,False,False
train,UTXNRISXYKZJTH,3,False,False
train,VQHSOMBJVWLPSR,2,True,True
train,HVNZXEWOOPDEBR,3,False,False
train,ZLBRGMMCUDDXLB,2,False,False
train,QMDDMGQMZICJPJ,3,True,True
train,UIINDYGXBHJQHX,3,True,True
train,FUQGIYDZGLORRC,2,True,True
train,BRBKMOQVYCGFDN,3,True,True
train,NOCZJUUWDACQEY,2,True,True
train,KISJFUMXCJBLJV,2,True,True
train,FCLYQYOJLQDQNA,3,False,False
train,MFIXKYXSBNIMPX,2,True,True
train,FSNITHOUQGJHTR,3,True,True
train,RSTYWOGTSWZRCI,2,True,True
train,OVPNQJVDAFNBDN,3,True,True
train,PRQADQZRIHRYCH,1,True,True
train,AWKZRMLSPPFBRT,3,False,False
train,PURTYNPVRFEUEN,3,False,False
train,FSBIGDSBMBYOPN,2,True,True
train,KRMAZPGDYXHYMX,2,False,False
train,IRZVHDLBAYNPCT,2,True,True
train,CNSUXOYAIZBGRY,3,False,False
train,XJCLMIPLNVXPDG,2,True,True
train,CIYJVFJBFXRWJD,2,True,True
train,YGCFIWIQZPHFLU,3,False,False
train,DVMYVXIULKQQBG,3,True,True
train,IVKGLRZLTNXWKF,2,True,True
train,SGOIRFVFHAKUTI,3,True,True
train,UXZFQZANDVDGMM,2,True,True
train,GBGKVNUYCBHABP,2,True,True
train,PWYKZGIRJKJYLR,3,False,False
train,GBCXKHLKJHRTAB,2,True,True
train,QZIOPOIUZGGXKI,1,True,True
train,BPAVQKLQOSHOPN,2,True,True
train,LLVXGQBNGWJCSK,2,True,True
train,IKEVFVHDAKORLB,1,True,True
train,OPWPCWHMCUWCGG,3,False,False
train,BBYWOYAFBUOUFP,3,True,True
train,HJCZOTBHYAPUHT,1,False,False
train,XKJSSWKYGXXJBE,3,True,True
train,JBJYTZXCZDNOJW,2,True,True
train,MYTOZWCQVXHVIO,2,True,True
train,RVKRJABUQLMQNO,2,True,True
train,AEXJMQYVIPHZDJ,2,True,True
train,PCGGYLLGIFFWCT,3,False,False
train,XKBJVQHMEXMFDZ,2,True,True
train,BMOUPTNOPZOODW,2,True,True
train,BQJCRHHNABKAKU,2,True,True
train,PHCDULUANYZTRK,1,True,True
train,LZMRDTLRSDRUSU,2,False,False
train,JXNPEDYJTDQORS,2,True,True
train,UQUYXFBISSCISA,1,True,True
train,APLKWZASYUZSBL,1,True,True
train,JDVVGAQPNNXQDW,3,True,True
train,HJUAKZYKCANOOZ,3,True,True
train,LTYOQGRJFJAKNA,3,False,False
train,KRZBCHWVBQOTNZ,1,True,True
train,BSKMLHOVEORMSF,2,True,True
train,IHVRWFJGOIWMGC,3,False,False
train,FNRXZGVVUSMSDT,2,False,False
train,IVZMHDKZUJTCES,2,True,True
train,ONMDPPVVEFWDOD,2,True,True
train,RMBWSMLHEVFJTJ,2,True,True
train,UJFQJDAESQJXTG,1,True,True
train,IKUQEFGEUOOPGY,2,False,False
train,KKNXLCGOZLVUHL,3,True,True
train,IPSYPUKKXMNCNQ,3,True,True
train,GXUYGLKNAQMTRM,3,True,True
train,GYNFYIJDZOWNDK,1,True,True
train,XIROXSOOOAZHLL,2,False,False
train,NZNSTOHSZZLSNP,2,True,True
train,JRBJSXQPQWSCCF,3,True,True
train,VZHYCZQYZCBGSS,2,True,True
train,QDMKSFGLJQCAOX,2,True,True
train,KGYCKUADVHYVLM,1,True,True
train,IGQSSJMCEJLHAO,3,True,True
train,WLZGBUHDZWPQMM,2,False,False
train,HHQJBWYXBWOFJY,3,True,True
train,RZTAMFZIAATZDJ,2,True,True
train,YUZXOJOCNGKDNI,2,False,False
train,RGTIBVZDHOMOKC,2,False,False
train,QSBIUKCZJBBYIL,3,False,False
train,PNJUPRNTSWJWAX,2,True,True
train,KEOITPILCOILGM,2,True,True
train,RTDRYYULUYRTAN,2,True,True
train,MBXHULDEJNNQLN,2,False,False
train,PFGWGEPQIUAZME,1,False,False
train,CJKXGRSGRKUWTH,1,False,False
train,VOXZDWNPVJITMN,2,True,True
train,LBBHWQWQLGTRIC,3,True,True
train,LYPGMYIQHDZFFD,2,False,False
train,QNQBPPQLRODXET,2,True,True
train,ZNJFBWYDHIGLCU,1,True,True
train,AHVGESRRXQJSMP,1,False,False
train,PICDNGANOHNCPT,2,True,True
train,NXZSUJKPVSDFNF,2,True,True
train,ZUJBBVJXXYRPFS,1,False,False
train,LVURFSPFXZXXLB,3,True,True
train,SCZJGLWPRVUGAT,3,True,True
train,KYOXKUIYXAIFBB,3,True,True
train,NOFGKTVEZONBCG,2,True,True
train,SEOZHEFAHJQWFY,1,True,True
train,FDGQIVOIHOIMNK,3,True,True
train,ZMFVAIFXJWEOMH,1,False,False
train,QBWPHRWCSIEVAR,2,True,True
train,HQKAYCHMYMSSEQ,2,True,True
train,DGQWMSVZRIPJMR,2,False,False
train,QIZNWMMOECVGAP,3,True,True
train,TVQZAMVBTVNYLA,3,True,True
train,YXMZUGRMRIHNJM,2,False,False
train,LPHGQDQBBGAPDZ,2,True,True
train,XUWSHXDEJOOIND,2,True,True
train,ORRMWFBUBWOGBF,3,False,False
train,AMTSLHRSERHBCF,3,False,False
train,PEJWBGPIVLSQLL,3,True,True
train,KXHAUAFVDYQKLI,2,False,False
train,ZZDVZVBAZHPHLY,2,False,False
train,GJFHZVPRFLHEBR,3,True,True
train,YMOQABSTCGJNMC,2,True,True
train,CHXSDKWBSFDZEU,1,True,True
train,APZBLWQCTHVAMR,2,True,True
train,OJWXCNKRIMWLSH,3,False,False
train,RYQOILLJDKPETL,1,True,True
train,BKJIXTWSNXCKJH,2,False,False
train,HPVSJNGZYYDDMU,3,False,False
train,SSMKCXDMBHRTIM,3,False,False
train,DEZFNHCVIZBHBI,3,True,True
train,GYZWNQLEQAGWGD,3,False,False
train,YNEVBPNZHBAYOA,3,True,True
train,ZUQBAQVRAURMCL,2,False,False
train,VWKBHQGCNGULAZ,1,False,False
train,ZKMLQDNHMSFULN,3,True,True
train,BZMKNPGKXJAIDV,2,False,False
train,TWELZOKMSAJRKP,2,True,True
train,QIMCRYYCUHMHMQ,3,True,True
train,RQOFTLFCRJDAJR,3,True,True
train,JSPPDMSCDGJJOM,2,True,True
train,HXLDSEPZKLJMIQ,3,True,True
train,LVLNPXCISNPHLE,2,False,False
train,NLKSLCYYSLLAMB,1,False,False
train,UACUHFBMYSCKLA,3,True,True
train,AKGUUTOJDVYTKL,1,True,True
train,VXDPQMMZUVIUEI,2,True,True
train,FMUYQRFTLHAARI,3,False,False
train,WEHFIEZHFRETHH,3,True,True
train,YYJNOYZRYGDPNH,1,True,True
train,IRSCQMHQWWYFCW,1,True,True
train,RBBVPNQTBKHOEQ,3,False,False
train,WJIGGYYSZBWCGC,2,True,True
train,SRNHKDNMPLHNHG,2,True,True
train,OMRLTNCLYHKQCK,2,True,True
train,TVXMVPIXPQJTJQ,1,False,False
train,JZSZAGWWWKKXLO,1,True,False
train,QJZRFPJCWMNVAV,1,True,True
train,ONKUXPIBXRRIDU,3,True,True
train,IHLWXZNPOVMUFQ,2,True,True
train,KWBPKUMWVXUSCA,2,True,True
train,SMZYCXAYGPGYRS,3,True,True
train,WYOTUUJXYVODGL,3,True,True
train,UUKWKUSGGZNXGA,3,True,True
train,OKBVVJOGVLARMR,3,True,True
train,WKRLQDKEXYKHJB,3,True,True
train,MCTUNGYTWOYEHI,2,True,True
train,YEIGSYFTXGPBIB,3,False,False
train,OLFRCQFNQXYDGW,2,True,True
train,NSNGIRMJTMEZBF,3,True,True
train,BYSIMVBIJVBVPA,3,False,False
train,BTFLTTRLLLELLS,2,True,True
train,FIEYHAAMDAPVCH,2,True,True
train,OMNFCPCBKCERJP,3,False,False
train,RSDDHGSKLOSQFK,2,True,True
train,VAYRSTHMTWUHGE,3,True,True
train,DKRHILRFORRVNP,2,True,True
train,DWONJCNDULPHLV,2,True,True
train,PBLGRAOOBKNRGK,3,False,False
train,RCCBGOMNZWYBTJ,1,False,False
train,FZTZGUHMZVISAB,2,True,True
train,WBEFUVAYFSOUEA,1,False,False
train,FAYAUAZLLLJJGH,2,True,True
train,NZESEVTYUVXOTC,1,True,True
train,IFRGXKKQHBVPCQ,3,True,True
train,XVXISDREVDGQPX,3,True,True
train,GQSKRVQYDWZFKS,2,True,True
train,QGLZXHRNAYXIBU,2,True,True
train,VJHINFRRDQUWOJ,3,False,False
train,JTDPHURHZMZJHD,2,False,False
train,YHXIOAVHEXKZCQ,1,True,True
train,OXVUXGFZHDKYLS,2,True,True
train,SETVRSKZJJWOPA,2,True,True
train,DOFMBNVUGRDDTK,2,True,True
train,ZIMOUPHGHTXJRD,1,True,True
train,GSZHLMQLGPEBEJ,2,False,False
train,NDJDZINMNBVVHS,2,True,True
train,MBXHULDEJNNQLN,3,False,False
train,NIEHAABHXAUTQI,2,True,True
train,KZTJQXAANJHSCE,1,True,True
train,YLGANLNQTUGMCH,2,True,True
train,WFUFWBKEAWXSJX,2,True,True
train,AOPMSFXOYJXDNJ,2,True,True
train,ICUTUKXCWQYESQ,2,True,True
train,MBHYBSDKDMRZAA,2,False,False
train,NCXMLFZGDNKEPB,2,True,True
train,UVZUFUGNHDDLRQ,1,True,True
train,WZLJFFOIPJDGBU,1,True,True
train,SBHHPPCAAYCRQS,2,True,True
train,KCWGETCFOVJEPI,3,False,False
train,MGYXVNKVMWUCEN,3,False,False
train,WWOPKCRAWYWZPG,2,True,True
train,KEEQQEKLEZRLDS,2,True,True
train,FHEPEWKHTOVVAT,2,False,False
train,RDTAGQKYPGLCBK,2,True,True
train,OUZBWJQQLMMOSN,2,False,False
train,DNVLJEWNNDHELH,2,True,True
train,FXMQMKLMUBWARF,3,True,True
train,FUVVLIGUEPFKDK,3,True,True
train,JZEZLAAJRKPOFM,2,False,False
train,RBAQUPUEENWLNV,3,True,True
train,JOLLIDAUJSAZHE,2,True,True
train,PTYKSEHNIOQJNZ,2,True,True
train,FFHBJDQSGDNCIV,3,False,False
train,HQXAVJAVLMJBRC,3,True,True
train,APIPSPZJMLSCBO,2,True,True
train,HYAFETHFCAUJAY,1,True,True
train,MOHICZWCIHQMGW,3,True,True
train,PHWBOXQYWZNQIN,2,True,True
train,OKJVOMAJPDVZJV,3,True,True
train,NIHNNTQXNPWCJQ,3,False,False
train,YOWISNGQSRPIPP,3,True,True
train,XPOJSWHIKCNLEQ,2,True,True
train,ZORQKKBTVVCHRR,1,False,False
train,VYDBTNADENXYSN,3,True,True
train,QOIGKGMMAGJZNZ,2,False,False
train,YQEMAEKYNNOCBY,1,True,True
train,QDRXWCAVUNHOGA,2,False,False
train,USNPULRDBDVJAO,2,False,False
train,JLVSPVFPBBFMBE,3,True,True
train,DRYDKQOPVBDZMQ,2,True,True
train,TUCZCPOWNSCPMQ,3,True,True
train,FXTIJAICHVLKMU,1,False,False
train,SBGPASZOVGSOFJ,3,False,False
train,YCKKAXDZPAQYOF,2,True,True
train,JAMSDVDUWQNQFZ,3,True,True
train,BFXHARLBAGKNRH,2,False,False
train,FGHPDPYCRTXYNZ,2,False,False
train,QFVVEOVMEWNQHV,2,True,True
train,ALXLLOQTGLPCFG,2,True,True
train,MUMGGOZAMZWBJJ,2,True,True
train,VDCRFBBZFHHYGT,2,True,True
train,WVJIULQLWBXJKO,2,False,False
train,NZASCBIBXNPDMH,3,True,True
train,OFLIDIBZDKQXPD,3,True,True
train,NCALAYAMQHIWMN,3,True,True
train,TVEOPNILOUOYOZ,1,True,True
train,OQQOAWVKVDAJOI,3,False,False
train,GJYBMGDRIGIOBX,2,True,True
train,WXHUQVMHWUQNTG,2,True,True
train,RBFIISQAYNLQQY,2,True,True
train,SPOAVFOKSZPUQS,3,True,True
train,HDTRYLNUVZCQOY,2,True,True
train,QIEPESYLHXEYLK,3,True,True
train,YMCYJIJWKFYPMN,1,True,True
train,CDYGRHOHQUXDMN,2,True,True
train,MZNKKVMOBDPECG,3,True,True
train,DYQZJCUKWTVTLH,3,True,True
train,HXQHFNIKBKZGRP,3,True,True
train,STKYPAFSDFAEPH,3,True,True
train,IZBWUVKNXOGJSA,1,True,True
train,DKDIPDJHNARQPL,2,False,False
train,STZYTFJPGGDRJD,3,True,True
train,VRCXJKSBSNVDFC,2,True,True
train,YVLSJEQNDDKMQI,2,False,False
train,YHMDGPZOSGBQRH,2,False,False
train,PSXQJZDFWDKBIP,2,True,True
train,TVZGACDUOSZQKY,1,False,False
train,PJBFVWGQFLYWCB,2,False,False
train,OOUTWVMJGMVRQF,3,False,False
train,JMLMZOQTAWJVAS,3,False,False
train,OMFXVFTZEKFJBZ,1,True,True
train,HKZCFYIVMLZKKX,2,True,True
train,ZMMIEHPFMMRMMN,2,False,False
train,UJYGDMFEEDNVBF,3,True,True
train,GUGOEEXESWIERI,1,True,True
train,CMISKXBIKZBGPM,2,True,True
train,SWVUHHODQJZXJH,1,True,True
train,KTOAGBIQQPGNIR,2,False,False
train,DREIJXJRTLTGJC,3,True,True
train,XREZOMRRMAKCRX,3,True,True
train,JYHCQVWYCGHXGP,3,True,True
train,XYBWBOHZMFLRBQ,3,True,True
train,HTVITOHKHWFJKO,2,False,False
train,RAMCUYJHJZKSFT,3,True,True
train,PJHDLKOEJMDTBE,1,False,False
train,LUALIOATIOESLM,3,True,True
train,URTXXFGOVQACIC,2,True,True
train,NBSDZPNNDCXPFZ,3,False,False
train,UMYAEKVHXDURJS,1,True,True
train,IJSJXKCVRHBPSG,2,True,True
train,XQZXYNRDCRIARQ,2,True,True
train,BUPGXESRUZFQJH,3,True,True
train,CNFLPGMYCVAPPL,3,False,False
train,DSXKDTZEIWTHRO,3,True,True
train,PUBGXKVSYDAFKW,2,True,True
train,JOMAEHBZUXNYRX,3,True,True
train,WJJMNDUMQPNECX,2,True,True
train,CAKZQSFFOAEEET,2,False,False
train,ALSINGWJWQVCEG,2,True,True
train,REDMIYQFNIRTDF,2,True,True
train,RSYUFYQTACJFML,2,True,True
train,YPHAYFLTWWLPTN,3,True,True
train,NOPFSRXAKWQILS,2,True,True
train,JXAZKNVJWYDQJY,3,True,True
train,AIHWGPJJINPTRP,3,True,True
train,BKISVXZMCJBOKR,2,True,True
train,MEASLHGILYBXFO,2,False,False
train,CFJLERBDXYGARW,2,True,True
train,ONSSOYCKZSYAQS,2,False,False
train,IPQVTOJGNYVQEO,2,True,True
train,NYIZXMGNIUSNKL,2,False,False
train,XIWMRKFKSRYSIJ,1,True,True
train,HFGSQOYIOKBQOW,3,True,True
train,ZLKGXNSQDUJSAU,2,True,True
train,CHQPDRGLGJNQTJ,3,True,True
train,RBFIHWMPLNHELQ,2,False,False
train,ZMZWVJLMOBCSEP,3,False,False
train,HVDGDHBAMCBBLR,3,True,True
train,MFIXKYXSBNIMPX,1,True,True
train,QGHREAKMXXNCOA,3,True,True
train,TYFQFVWCELRYAO,2,True,True
train,GJGRGJCMJUMZKN,3,True,True
train,HUNIPYLVUPMFCZ,2,True,True
train,YBYIAPOSRNODNJ,2,False,False
train,NKZUWQCOEXYFLA,3,True,True
train,SPWIYFDXMWFJMA,3,True,True
train,YKAQENKKQWMYFZ,3,False,False
train,XUZMWHLSFXCVMG,2,True,True
train,MTWYSKGJIDFSRC,3,False,False
train,YUXUTEAAGHFKKH,3,True,True
train,BGBVSGSIXIIREO,1,True,True
train,PBAZKMWQUBDDLZ,2,True,True
train,QXAYJKFBMWMARF,3,True,True
train,FBHSPRKOSMHSIF,1,True,True
train,WIFLVHIKWGINAQ,2,False,False
train,BCQMBFHBDZVHKU,3,True,True
train,DQWVBJJWBWNKEX,2,True,True
train,VAJVGAQAYOAJQI,3,True,True
train,QYCVLCCQAORDAF,2,False,False
train,GWOZWWNUSXSLBU,3,False,False
train,ZPXRQFLATDNYSS,1,True,True
train,BVMVRPVYRJQROP,2,True,True
train,QROONAIPJKQFMC,1,False,False
train,SSOLNOMRVKKSON,3,True,True
train,GJZJZRWFRZFTEE,2,True,True
train,NQYPLDLTZINCIW,2,True,True
train,PADQINQHPQKXNL,2,True,True
train,NPAGDVCDWIYMMC,2,True,True
train,RAJWOBJTTGJROA,1,True,True
train,YVYNMIFMUKDFEC,1,True,True
train,ISAOCJYIOMOJEB,2,False,False
train,GMCZAOACLPIWHN,2,True,True
train,IAEZLXLDZBZQPU,2,True,True
train,GPZFXSWMDFBRGS,1,True,True
train,SYWSRNVDWIDEAD,2,False,False
train,CALDIMUKIDAVEP,3,False,False
train,XUYAYNRYVXHNOQ,1,True,True
train,FFMUDKAAAYNVQQ,2,True,True
train,IETKPTYAGKZLKY,3,True,True
train,ASSZWZBQIXMMKM,3,False,False
train,NSRKLZRKJJQJLD,1,True,True
train,XOJDXSDPICSSTA,3,False,False
train,KOKWAOHITJLJCF,3,False,False
train,PMTDHEPUPHYRST,3,False,False
train,IDBIFFKSXLYUOT,2,False,False
train,HGXBRUKMWQGOIE,3,True,True
train,DLIKSSGEMUFQOK,2,True,True
train,XXUPXHKCPIKWLR,3,False,False
train,BOFQWVMAQOTZIW,2,True,True
train,ZMNDHWFRGYCJKG,2,False,False
train,YXHVCZZLWZYHSA,3,False,False
train,OXCSPHWGLNUPJC,3,True,True
train,CDSMSBUVCWHORP,2,False,False
train,MITMUAAWQVPOIU,3,False,False
train,POORJMIIHXHXAV,3,False,False
train,LNOHXHDWGCMVCO,2,True,True
train,ZISJNXNHJRQYJO,2,False,False
train,HFSJWNXFQYKQNX,2,True,True
train,XDOFWFNMYJRHEW,3,True,True
train,PACOALGXOJLUSI,1,True,True
train,HXCILVUBKWANLN,3,False,False
train,MHMRAFONCSQAIA,3,True,True
train,LCVJEYNJCXTRIQ,3,True,True
train,LPRAEKVSUWNMQU,2,False,False
train,GXEKYRXVRROBEV,1,False,False
train,AZHDIOOLUSYGPE,1,False,False
train,BMLZFLQMBMYVHG,3,True,True
train,ZRMFMDZIHZKFHY,2,True,True
train,IACOAKYXFIWAQN,2,True,True
